<Configuration>
  <Commands>
    <Command name="SELECT">
       <Sysvar name="EXPERT" value="0" valueType="System.Int16" />
       <Sysvar name="OSMODE" value="7" valueType="System.Int16" />
       <View />
       <UCS />
    </Command>
    <Command name="ATTDEF">
       <Sysvar name="AFLAGS" value="16" valueType="System.Int16" />
    </Command>
    <Command name="INSERT">
       <Sysvar name="ATTREQ" value="1" valueType="System.Int16" />
       <Sysvar name="ATTDIA" value="0" valueType="System.Int16" />
       <View />
       <UCS />
    </Command>
    <Command name="BCLOSE">
    </Command>
    <Command name="BSAVE">
    </Command>
    <Command name="PLINE">
      <Sysvar name="DYNMODE" value="0" valueType="System.Int16" />
    </Command>
  </Commands>
  <AllCommands>
    <Sysvar name="EXPERT" value="0" valueType="System.Int16" />
    <Sysvar name="TEXTEVAL" value="1" valueType="System.Int16" ForceDefault="true" />
    <Sysvar name="COPYMODE" value="0" valueType="System.Int16" />
  </AllCommands>
  <ExtendedCommandFlags>
    <Command name="TRIM" flags="3" />
    <Command name="EXTEND" flags="3" />
    <Command name="BOX" flags="4" />
    <Command name="CONE" flags="4" />
    <Command name="CYLINDER" flags="4" />
    <Command name="EXTRUDE" flags="4" />
    <Command name="HELIX" flags="4" />
    <Command name="POLYSOLID" flags="4" />
    <Command name="PYRAMID" flags="4" />
    <Command name="SPHERE" flags="4" />
    <Command name="TORUS" flags="4" />
    <Command name="WEDGE" flags="4" />
  </ExtendedCommandFlags>
</Configuration>
