﻿<?xml version="1.0" encoding="utf-8"?>
<ExclusionList>

<Type>Autodesk.AutoCAD.DatabaseServices.BlockActionEntity</Type>
<Type>Autodesk.AutoCAD.DatabaseServices.BlockBegin</Type>
<Type>Autodesk.AutoCAD.DatabaseServices.BlockElementEntity</Type>
<Type>Autodesk.AutoCAD.DatabaseServices.BlockEnd</Type>
<Type>Autodesk.AutoCAD.DatabaseServices.BlockLookupAction</Type>
<Type>Autodesk.AutoCAD.DatabaseServices.BlockLookupActionEntity</Type>
<Type>Autodesk.AutoCAD.DatabaseServices.Curve</Type>
<Type>Autodesk.AutoCAD.DatabaseServices.DBObject</Type>
<Type>Autodesk.AutoCAD.DatabaseServices.Dimension</Type>
<Type>Autodesk.AutoCAD.DatabaseServices.Entity</Type>
<Type>Autodesk.AutoCAD.DatabaseServices.FaceRecord</Type>
<Type>Autodesk.AutoCAD.DatabaseServices.Image</Type>
<Type>Autodesk.AutoCAD.DatabaseServices.Ole2Frame</Type>
<Type>Autodesk.AutoCAD.DatabaseServices.PolyFaceMeshVertex</Type>
<Type>Autodesk.AutoCAD.DatabaseServices.PolygonMeshVertex</Type>
<Type>Autodesk.AutoCAD.DatabaseServices.PolylineVertex3d</Type>
<Type>Autodesk.AutoCAD.DatabaseServices.SequenceEnd</Type>
<Type>Autodesk.AutoCAD.DatabaseServices.UnderlayReference</Type>
<Type>Autodesk.AutoCAD.DatabaseServices.Vertex2d</Type>
<Type>Autodesk.AutoCAD.DatabaseServices.Vertex</Type>
<Type>Autodesk.AutoCAD.DatabaseServices.Viewport</Type>

<Property>AcadObject</Property>
<Property>ActualHeight</Property>
<Property>ActualWidth</Property>
<Property>AlignmentPoint</Property>
<Property>AlternatePrefix</Property>
<Property>AlternateSuffix</Property>
<Property>AltSuppressLeadingZeros</Property>
<Property>AltSuppressTrailingZeros</Property>
<Property>AltSuppressZeroFeet</Property>
<Property>AltSuppressZeroInches</Property>
<Property>AltToleranceSuppressLeadingZeros</Property>
<Property>AltToleranceSuppressTrailingZeros</Property>
<Property>AltToleranceSuppressZeroFeet</Property>
<Property>AltToleranceSuppressZeroInches</Property>
<Property>AmbientLightColor</Property>
<Property>AnnoHeight</Property>
<Property>Annotation</Property>
<Property>AnnotationOffset</Property>
<Property>AnnoType</Property>
<Property>AnnoWidth</Property>
<Property>AnonymousBlockTableRecord</Property>
<Property>ArcEndParam</Property>
<Property>ArcPoint</Property>
<Property>ArcStartParam</Property>
<Property>ArcSymbolType</Property>
<Property>Ascent</Property>
<Property>Attachment</Property>
<Property>Attenuation</Property>
<Property>AttributeCollection</Property>
<Property>AxisDirection</Property>
<Property>AxisPoint</Property>
<Property>AxisVector</Property>
<Property>BackClipDistance</Property>
<Property>BackClipEnabled</Property>
<Property>BackClipOn</Property>
<Property>Background</Property>
<Property>BackgroundFill</Property>
<Property>BackgroundFillColor</Property>
<Property>BackgroundScaleFactor</Property>
<Property>BackgroundTransparency</Property>
<Property>BasePoint</Property>
<Property>BlockColor</Property>
<Property>BlockContentId</Property>
<Property>BlockConnectionType</Property>
<Property>BlockId</Property>
<Property>BlockName</Property>
<Property>BlockPosition</Property>
<Property>BlockRotation</Property>
<Property>BlockScale</Property>
<Property>BlockTableRecord</Property>
<Property>BlockTransform</Property>
<Property>Brightness</Property>
<Property>CastShadows</Property>
<Property>Center</Property>
<Property>CenterMarkSize</Property>
<Property>CenterMarkType</Property>
<Property>CenterPoint</Property>
<Property>ChordPoint</Property>
<Property>CircleSides</Property>
<Property>ClassID</Property>
<Property>ClipBoundaryType</Property>
<Property>Closed</Property>
<Property>CollisionType</Property>
<Property>ColorIndex</Property>
<Property>CompoundObjectTransform</Property>
<Property>DefaultLightingOn</Property>
<Property>DefaultLightingType</Property>
<Property>DefiningPoint</Property>
<Property>DefinitionId</Property>
<Property>Degree</Property>
<Property>Delta</Property>
<Property>Descent</Property>
<Property>Dimadec</Property>
<Property>Dimalt</Property>
<Property>Dimaltd</Property>
<Property>Dimaltf</Property>
<Property>Dimaltmzf</Property>
<Property>Dimaltmzs</Property>
<Property>Dimaltrnd</Property>
<Property>Dimalttd</Property>
<Property>Dimalttz</Property>
<Property>Dimaltu</Property>
<Property>Dimaltz</Property>
<Property>Dimapost</Property>
<Property>Dimarcsym</Property>
<Property>Dimasz</Property>
<Property>Dimatfit</Property>
<Property>Dimaunit</Property>
<Property>Dimazin</Property>
<Property>Dimblk1</Property>
<Property>Dimblk2</Property>
<Property>Dimblk</Property>
<Property>DimBlockPosition</Property>
<Property>Dimcen</Property>
<Property>Dimclrd</Property>
<Property>Dimclre</Property>
<Property>Dimclrt</Property>
<Property>Dimdec</Property>
<Property>Dimdle</Property>
<Property>Dimdli</Property>
<Property>Dimdsep</Property>
<Property>DimensionStyle</Property>
<Property>DimensionText</Property>
<Property>Dimexe</Property>
<Property>Dimexo</Property>
<Property>Dimfrac</Property>
<Property>Dimfxlen</Property>
<Property>DimfxlenOn</Property>
<Property>Dimgap</Property>
<Property>Dimjogang</Property>
<Property>Dimjust</Property>
<Property>Dimldrblk</Property>
<Property>Dimlfac</Property>
<Property>Dimlim</Property>
<Property>DimLinePoint</Property>
<Property>Dimltex1</Property>
<Property>Dimltex2</Property>
<Property>Dimltype</Property>
<Property>Dimlunit</Property>
<Property>Dimlwd</Property>
<Property>Dimmzf</Property>
<Property>Dimmzs</Property>
<Property>Dimpost</Property>
<Property>Dimrnd</Property>
<Property>Dimsah</Property>
<Property>Dimscale</Property>
<Property>Dimsd1</Property>
<Property>Dimsd2</Property>
<Property>Dimse1</Property>
<Property>Dimse2</Property>
<Property>Dimsoxd</Property>
<Property>Dimtad</Property>
<Property>Dimtdec</Property>
<Property>Dimtfac</Property>
<Property>Dimtfill</Property>
<Property>Dimtfillclr</Property>
<Property>Dimtih</Property>
<Property>Dimtix</Property>
<Property>Dimtm</Property>
<Property>Dimtmove</Property>
<Property>Dimtofl</Property>
<Property>Dimtoh</Property>
<Property>Dimtol</Property>
<Property>Dimtolj</Property>
<Property>Dimtp</Property>
<Property>Dimtsz</Property>
<Property>Dimtvp</Property>
<Property>Dimtxsty</Property>
<Property>Dimtxt</Property>
<Property>Dimtxtdirection</Property>
<Property>Dimtzin</Property>
<Property>Dimupt</Property>
<Property>Dimzin</Property>
<Property>Direction</Property>
<Property>DisplayOptions</Property>
<Property>DynamicBlockReferencePropertyCollection</Property>
<Property>DynamicBlockTableRecord</Property>
<Property>EcsRotation</Property>
<Property>EffectivePlotStyleSheet</Property>
<Property>Elevation</Property>
<Property>EnableDogleg</Property>
<Property>EnableFrameText</Property>
<Property>EndAngle</Property>
<Property>EndFitTangent</Property>
<Property>EndLimitOffset</Property>
<Property>EndParam</Property>
<Property>EndPoint</Property>
<Property>EntityColor</Property>
<Property>ExtensionDictionary</Property>
<Property>FalloffAngle</Property>
<Property>FarChordPoint</Property>
<Property>FastZoomOn</Property>
<Property>FieldLength</Property>
<Property>FirstVertex</Property>
<Property>FitData</Property>
<Property>FitTolerance</Property>
<Property>FlowDirection</Property>
<Property>FrontClipAtEyeOn</Property>
<Property>FrontClipDistance</Property>
<Property>FrontClipEnabled</Property>
<Property>FrontClipOn</Property>
<Property>GeometricExtents</Property>
<Property>GradientAngle</Property>
<Property>GradientName</Property>
<Property>GradientOneColorMode</Property>
<Property>GradientShift</Property>
<Property>GradientType</Property>
<Property>GridAdaptive</Property>
<Property>GridBoundToLimits</Property>
<Property>GridFollow</Property>
<Property>GridIncrement</Property>
<Property>GridMajor</Property>
<Property>GridOn</Property>
<Property>GridSubdivisionRestricted</Property>
<Property>Handle</Property>
<Property>HasArrowHead</Property>
<Property>HasBulges</Property>
<Property>HasFields</Property>
<Property>HasFitData</Property>
<Property>HasFrame</Property>
<Property>HasHookLine</Property>
<Property>HasLeader</Property>
<Property>HasSubSelection</Property>
<Property>HasWidth</Property>
<Property>HatchObjectType</Property>
<Property>HatchStyle</Property>
<Property>HiddenLinesRemoved</Property>
<Property>HorizontalCellMargin</Property>
<Property>HorizontalMode</Property>
<Property>HorizontalRotation</Property>
<Property>HotspotAngle</Property>
<Property>Hyperlinks</Property>
<Property>ImageDefId</Property>
<Property>IsAProxy</Property>
<Property>IsClosed</Property>
<Property>IsDefaultAlignment</Property>
<Property>IsDynamicBlock</Property>
<Property>IsGradient</Property>
<Property>IsHatch</Property>
<Property>IsHeaderSuppressed</Property>
<Property>IsMClosed</Property>
<Property>IsMirroredInX</Property>
<Property>IsMirroredInY</Property>
<Property>IsNClosed</Property>
<Property>IsNull</Property>
<Property>IsOnlyLines</Property>
<Property>IsPartial</Property>
<Property>IsPeriodic</Property>
<Property>IsPlanar</Property>
<Property>IsPlottable</Property>
<Property>IsRational</Property>
<Property>IsSolidFill</Property>
<Property>IsSplined</Property>
<Property>IsTitleSuppressed</Property>
<Property>JogAngle</Property>
<Property>JogPoint</Property>
<Property>LastVertex</Property>
<Property>LayerId</Property>
<Property>Leader1Point</Property>
<Property>Leader2Point</Property>
<Property>LeaderCount</Property>
<Property>LeaderEndPoint</Property>
<Property>LeaderLength</Property>
<Property>LeaderLineColor</Property>
<Property>LeaderLineTypeId</Property>
<Property>LeaderLineWeight</Property>
<Property>LensLength</Property>
<Property>LineSpaceDistance</Property>
<Property>LineSpacingFactor</Property>
<Property>LineSpacingStyle</Property>
<Property>LinetypeGenerationOn</Property>
<Property>LinetypeId</Property>
<Property>Location</Property>
<Property>LoftOptions</Property>
<Property>MajorAxis</Property>
<Property>MassProperties</Property>
<Property>Material</Property>
<Property>MaterialId</Property>
<Property>MaterialMapper</Property>
<Property>Measurement</Property>
<Property>MergeStyle</Property>
<Property>MinimumTableHeight</Property>
<Property>MinimumTableWidth</Property>
<Property>MinorAxis</Property>
<Property>MSize</Property>
<Property>MSurfaceDensity</Property>
<Property>MText</Property>
<Property>NameOfSheet</Property>
<Property>NonRectClipEntityId</Property>
<Property>NonRectClipOn</Property>
<Property>Normal</Property>
<Property>NSize</Property>
<Property>NSurfaceDensity</Property>
<Property>Number</Property>
<Property>NumberOfHatchLines</Property>
<Property>NumberOfLoops</Property>
<Property>NumberOfPatternDefinitions</Property>
<Property>NumberOfVertices</Property>
<Property>NumChanges</Property>
<Property>NumColumns</Property>
<Property>NumControlPoints</Property>
<Property>NumFitPoints</Property>
<Property>NumRows</Property>
<Property>NumVertices</Property>
<Property>NurbsData</Property>
<Property>ObjectBirthVersion</Property>
<Property>ObjectId</Property>
<Property>Orientation</Property>
<Property>Origin</Property>
<Property>OwnerId</Property>
<Property>OverrideCenter</Property>
<Property>PathEntity</Property>
<Property>PerspectiveOn</Property>
<Property>PixelToModelTransform</Property>
<Property>Plinegen</Property>
<Property>PlotAsRaster</Property>
<Property>PlotStyleNameId</Property>
<Property>PlotStyleSheet</Property>
<Property>PlotWireframe</Property>
<Property>PolyMeshType</Property>
<Property>Position</Property>
<Property>Prefix</Property>
<Property>ReactorId</Property>
<Property>ReceiveShadows</Property>
<Property>RecordHistory</Property>
<Property>RevolveAngle</Property>
<Property>RevolveOptions</Property>
<Property>ScaleAlongPath</Property>
<Property>ScaleFactors</Property>
<Property>SecondPoint</Property>
<Property>ShadePlotId</Property>
<Property>ShadeTintValue</Property>
<Property>Shadow2</Property>
<Property>Shadow</Property>
<Property>ShadowType</Property>
<Property>ShapeIndex</Property>
<Property>ShapeNumber</Property>
<Property>ShowHistory</Property>
<Property>ShowImage</Property>
<Property>SnapAngle</Property>
<Property>SnapBasePoint</Property>
<Property>SnapIncrement</Property>
<Property>SnapIsometric</Property>
<Property>SnapIsoPair</Property>
<Property>SnapOn</Property>
<Property>Spline</Property>
<Property>StartFitTangent</Property>
<Property>StartParam</Property>
<Property>StartPoint</Property>
<Property>StyleId</Property>
<Property>SubSelection</Property>
<Property>Suffix</Property>
<Property>SunId</Property>
<Property>SuppressAngularLeadingZeros</Property>
<Property>SuppressAngularTrailingZeros</Property>
<Property>SuppressLeadingZeros</Property>
<Property>SuppressTrailingZeros</Property>
<Property>SuppressZeroFeet</Property>
<Property>SuppressZeroInches</Property>
<Property>SupressEndCaps</Property>
<Property>SupressStartCaps</Property>
<Property>SweepVec</Property>
<Property>TableStyle</Property>
<Property>Target</Property>
<Property>TargetLocation</Property>
<Property>TextAlignmentType</Property>
<Property>TextAngleType</Property>
<Property>TextAttachmentType</Property>
<Property>TextAttachment</Property>
<Property>TextColor</Property>
<Property>TextHeight</Property>
<Property>TextLineSpacingFactor</Property>
<Property>TextLineSpacingStyle</Property>
<Property>TextLocation</Property>
<Property>TextPosition</Property>
<Property>TextRotation</Property>
<Property>TextStyle</Property>
<Property>TextStyleId</Property>
<Property>ToleranceLocation</Property>
<Property>ToleranceSuppressLeadingZeros</Property>
<Property>ToleranceSuppressTrailingZeros</Property>
<Property>ToleranceSuppressZeroFeet</Property>
<Property>ToleranceSuppressZeroInches</Property>
<Property>ToneOperatorParameters</Property>
<Property>Transform</Property>
<Property>Transparency</Property>
<Property>Transparent</Property>
<Property>TreatAsBlockRefForExplode</Property>
<Property>TwistAngle</Property>
<Property>UcsFollowModeOn</Property>
<Property>UcsIconAtOrigin</Property>
<Property>UcsIconVisible</Property>
<Property>UcsName</Property>
<Property>UcsOrthographic</Property>
<Property>UnitDir</Property>
<Property>UseBackgroundColor</Property>
<Property>UseLimits</Property>
<Property>UsingDefaultTextPosition</Property>
<Property>UsingXAxis</Property>
<Property>UsingYAxis</Property>
<Property>VerticalCellMargin</Property>
<Property>VerticalDirection</Property>
<Property>VerticalMode</Property>
<Property>ViewCenter</Property>
<Property>ViewDirection</Property>
<Property>ViewHeight</Property>
<Property>ViewingDirection</Property>
<Property>ViewOrthographic</Property>
<Property>ViewTarget</Property>
<Property>Visible</Property>
<Property>XLine1End</Property>
<Property>XLine1Point</Property>
<Property>XLine1Start</Property>
<Property>XLine2End</Property>
<Property>XLine2Point</Property>
<Property>XLine2Start</Property>

<PropertyTypeInclude>Closed.Autodesk.AutoCAD.DatabaseServices.Polyline</PropertyTypeInclude>
<PropertyTypeInclude>Closed.Autodesk.AutoCAD.DatabaseServices.Polyline2d</PropertyTypeInclude>
<PropertyTypeInclude>Closed.Autodesk.AutoCAD.DatabaseServices.Polyline3d</PropertyTypeInclude>
<PropertyTypeInclude>Closed.Autodesk.AutoCAD.DatabaseServices.Spline</PropertyTypeInclude>
<PropertyTypeInclude>Closed.Autodesk.AutoCAD.DatabaseServices.LoftedSurface</PropertyTypeInclude>
<PropertyTypeInclude>LensLength.Autodesk.AutoCAD.EditorInput.Camera</PropertyTypeInclude>
<PropertyTypeInclude>Material.Autodesk.AutoCAD.DatabaseServices.Polyline2d</PropertyTypeInclude>
<PropertyTypeInclude>Material.Autodesk.AutoCAD.DatabaseServices.Polyline3d</PropertyTypeInclude>
<PropertyTypeInclude>Material.Autodesk.AutoCAD.DatabaseServices.Solid3d</PropertyTypeInclude>
<PropertyTypeInclude>Material.Autodesk.AutoCAD.DatabaseServices.Face</PropertyTypeInclude>
<PropertyTypeInclude>Material.Autodesk.AutoCAD.DatabaseServices.Arc</PropertyTypeInclude>
<PropertyTypeInclude>Material.Autodesk.AutoCAD.DatabaseServices.AttributeDefinition</PropertyTypeInclude>
<PropertyTypeInclude>Material.Autodesk.AutoCAD.DatabaseServices.MText</PropertyTypeInclude>
<PropertyTypeInclude>Material.Autodesk.AutoCAD.DatabaseServices.Body</PropertyTypeInclude>
<PropertyTypeInclude>Material.Autodesk.AutoCAD.DatabaseServices.Circle</PropertyTypeInclude>
<PropertyTypeInclude>Material.Autodesk.AutoCAD.DatabaseServices.Line</PropertyTypeInclude>
<PropertyTypeInclude>Material.Autodesk.AutoCAD.DatabaseServices.Point</PropertyTypeInclude>
<PropertyTypeInclude>Material.Autodesk.AutoCAD.DatabaseServices.PolyFaceMesh</PropertyTypeInclude>
<PropertyTypeInclude>Material.Autodesk.AutoCAD.DatabaseServices.PolygonMesh</PropertyTypeInclude>
<PropertyTypeInclude>Material.Autodesk.AutoCAD.DatabaseServices.Polyline</PropertyTypeInclude>
<PropertyTypeInclude>Material.Autodesk.AutoCAD.DatabaseServices.Region</PropertyTypeInclude>
<PropertyTypeInclude>Material.Autodesk.AutoCAD.DatabaseServices.Section</PropertyTypeInclude>
<PropertyTypeInclude>Material.Autodesk.AutoCAD.DatabaseServices.Shape</PropertyTypeInclude>
<PropertyTypeInclude>Material.Autodesk.AutoCAD.DatabaseServices.Solid</PropertyTypeInclude>
<PropertyTypeInclude>Material.Autodesk.AutoCAD.DatabaseServices.Surface</PropertyTypeInclude>
<PropertyTypeInclude>Material.Autodesk.AutoCAD.DatabaseServices.ExtrudedSurface</PropertyTypeInclude>
<PropertyTypeInclude>Material.Autodesk.AutoCAD.DatabaseServices.LoftedSurface</PropertyTypeInclude>
<PropertyTypeInclude>Material.Autodesk.AutoCAD.DatabaseServices.RevolvedSurface</PropertyTypeInclude>
<PropertyTypeInclude>Material.Autodesk.AutoCAD.DatabaseServices.SweptSurface</PropertyTypeInclude>
<PropertyTypeInclude>Material.Autodesk.AutoCAD.DatabaseServices.PlaneSurface</PropertyTypeInclude>
<PropertyTypeInclude>Material.Autodesk.AutoCAD.DatabaseServices.Table</PropertyTypeInclude>
<PropertyTypeInclude>Material.Autodesk.AutoCAD.DatabaseServices.Text</PropertyTypeInclude>
<PropertyTypeInclude>Material.Autodesk.AutoCAD.DatabaseServices.Trace</PropertyTypeInclude>
<PropertyTypeInclude>NameOfSheet.Autodesk.AutoCAD.DatabaseServices.DwfReference</PropertyTypeInclude>
<PropertyTypeInclude>NameOfSheet.Autodesk.AutoCAD.DatabaseServices.PdfReference</PropertyTypeInclude>
<PropertyTypeInclude>NumVertices.Autodesk.AutoCAD.DatabaseServices.PolyFaceMesh</PropertyTypeInclude>

<PropertyTypeExclude>Area.Autodesk.AutoCAD.DatabaseServices.AlignedDimension</PropertyTypeExclude>
<PropertyTypeExclude>Area.Autodesk.AutoCAD.DatabaseServices.Helix</PropertyTypeExclude>
<PropertyTypeExclude>Area.Autodesk.AutoCAD.DatabaseServices.Leader</PropertyTypeExclude>
<PropertyTypeExclude>Area.Autodesk.AutoCAD.DatabaseServices.Line</PropertyTypeExclude>
<PropertyTypeExclude>Area.Autodesk.AutoCAD.DatabaseServices.Polyline3d</PropertyTypeExclude>
<PropertyTypeExclude>Area.Autodesk.AutoCAD.DatabaseServices.Ray</PropertyTypeExclude>
<PropertyTypeExclude>Area.Autodesk.AutoCAD.DatabaseServices.Solid3d</PropertyTypeExclude>
<PropertyTypeExclude>Area.Autodesk.AutoCAD.DatabaseServices.Xline</PropertyTypeExclude>
<PropertyTypeExclude>Attachment.Autodesk.AutoCAD.DatabaseServices.MText</PropertyTypeExclude>
<PropertyTypeExclude>BlockUnit.Autodesk.AutoCAD.DatabaseServices.Table</PropertyTypeExclude>
<PropertyTypeExclude>Color.Autodesk.AutoCAD.EditorInput.Camera</PropertyTypeExclude>
<PropertyTypeExclude>Color.Autodesk.AutoCAD.DatabaseServices.Light</PropertyTypeExclude>
<PropertyTypeExclude>IsCameraPlottable.Autodesk.AutoCAD.EditorInput.Camera</PropertyTypeExclude>
<PropertyTypeExclude>IsOn.Autodesk.AutoCAD.DatabaseServices.UnderlayReference</PropertyTypeExclude>
<PropertyTypeExclude>Justify.Autodesk.AutoCAD.DatabaseServices.DBText</PropertyTypeExclude>
<PropertyTypeExclude>Layer.Autodesk.AutoCAD.EditorInput.Camera</PropertyTypeExclude>
<PropertyTypeExclude>Layer.Autodesk.AutoCAD.DatabaseServices.Light</PropertyTypeExclude>
<PropertyTypeExclude>Linetype.Autodesk.AutoCAD.EditorInput.Camera</PropertyTypeExclude>
<PropertyTypeExclude>Linetype.Autodesk.AutoCAD.DatabaseServices.Light</PropertyTypeExclude>
<PropertyTypeExclude>LinetypeScale.Autodesk.AutoCAD.EditorInput.Camera</PropertyTypeExclude>
<PropertyTypeExclude>LinetypeScale.Autodesk.AutoCAD.DatabaseServices.Light</PropertyTypeExclude>
<PropertyTypeExclude>LineWeight.Autodesk.AutoCAD.EditorInput.Camera</PropertyTypeExclude>
<PropertyTypeExclude>LineWeight.Autodesk.AutoCAD.DatabaseServices.Light</PropertyTypeExclude>
<PropertyTypeExclude>Oblique.Autodesk.AutoCAD.DatabaseServices.AlignedDimension</PropertyTypeExclude>
<PropertyTypeExclude>Oblique.Autodesk.AutoCAD.DatabaseServices.RotatedDimension</PropertyTypeExclude>
<PropertyTypeExclude>Name.Autodesk.AutoCAD.DatabaseServices.BlockReference</PropertyTypeExclude>
<PropertyTypeExclude>Name.Autodesk.AutoCAD.DatabaseServices.RasterImage</PropertyTypeExclude>
<PropertyTypeExclude>Name.Autodesk.AutoCAD.DatabaseServices.Table</PropertyTypeExclude>
<PropertyTypeExclude>PlotStyleName.Autodesk.AutoCAD.EditorInput.Camera</PropertyTypeExclude>
<PropertyTypeExclude>PlotStyleName.Autodesk.AutoCAD.DatabaseServices.Light</PropertyTypeExclude>
<PropertyTypeExclude>Rotation.Autodesk.AutoCAD.DatabaseServices.DwfReference</PropertyTypeExclude>
<PropertyTypeExclude>Rotation.Autodesk.AutoCAD.DatabaseServices.DgnReference</PropertyTypeExclude>
<PropertyTypeExclude>Rotation.Autodesk.AutoCAD.DatabaseServices.PdfReference</PropertyTypeExclude>
<PropertyTypeExclude>Rotation.Autodesk.AutoCAD.DatabaseServices.RotatedDimension</PropertyTypeExclude>
<PropertyTypeExclude>Rotation.Autodesk.AutoCAD.DatabaseServices.Table</PropertyTypeExclude>
<PropertyTypeExclude>Settings.Autodesk.AutoCAD.DatabaseServices.Section</PropertyTypeExclude>
<PropertyTypeExclude>StartAngle.Autodesk.AutoCAD.DatabaseServices.RevolvedSurface</PropertyTypeExclude>
<PropertyTypeExclude>Text.Autodesk.AutoCAD.DatabaseServices.FeatureControlFrame</PropertyTypeExclude>
<PropertyTypeExclude>TextStyleId.Autodesk.AutoCAD.DatabaseServices.FeatureControlFrame</PropertyTypeExclude>
<PropertyTypeExclude>TextStyleName.Autodesk.AutoCAD.DatabaseServices.FeatureControlFrame</PropertyTypeExclude>
<PropertyTypeExclude>TextStyleName.Autodesk.AutoCAD.DatabaseServices.MText</PropertyTypeExclude>
<PropertyTypeExclude>Thickness.Autodesk.AutoCAD.DatabaseServices.AttributeDefinition</PropertyTypeExclude>
<PropertyTypeExclude>UnitFactor.Autodesk.AutoCAD.DatabaseServices.Table</PropertyTypeExclude>
<PropertyTypeExclude>EnableAnnotationScale.Autodesk.AutoCAD.DatabaseServices.MLeader</PropertyTypeExclude>
<PropertyTypeExclude>ContentType.Autodesk.AutoCAD.DatabaseServices.MLeader</PropertyTypeExclude>
<PropertyTypeExclude>MLeaderStyle.Autodesk.AutoCAD.DatabaseServices.MLeader</PropertyTypeExclude>
<PropertyTypeExclude>ArrowSymbolId.Autodesk.AutoCAD.DatabaseServices.MLeader</PropertyTypeExclude>
<PropertyTypeExclude>LeaderLineType.Autodesk.AutoCAD.DatabaseServices.MLeader</PropertyTypeExclude>

<SubPropertyTypeInclude>BasePoint.Autodesk.AutoCAD.DatabaseServices.Ray</SubPropertyTypeInclude>
<SubPropertyTypeInclude>BasePoint.Autodesk.AutoCAD.DatabaseServices.Xline</SubPropertyTypeInclude>
<SubPropertyTypeInclude>Center.Autodesk.AutoCAD.DatabaseServices.Arc</SubPropertyTypeInclude>
<SubPropertyTypeInclude>Center.Autodesk.AutoCAD.DatabaseServices.Circle</SubPropertyTypeInclude>
<SubPropertyTypeInclude>Center.Autodesk.AutoCAD.DatabaseServices.Ellipse</SubPropertyTypeInclude>
<SubPropertyTypeInclude>Delta.Autodesk.AutoCAD.DatabaseServices.Line</SubPropertyTypeInclude>
<SubPropertyTypeInclude>EndPoint.Autodesk.AutoCAD.DatabaseServices.Line</SubPropertyTypeInclude>
<SubPropertyTypeInclude>Location.Autodesk.AutoCAD.DatabaseServices.MText</SubPropertyTypeInclude>
<SubPropertyTypeInclude>MajorAxis.Autodesk.AutoCAD.DatabaseServices.Ellipse</SubPropertyTypeInclude>
<SubPropertyTypeInclude>MinorAxis.Autodesk.AutoCAD.DatabaseServices.Ellipse</SubPropertyTypeInclude>
<SubPropertyTypeInclude>Origin.Autodesk.AutoCAD.DatabaseServices.Hatch</SubPropertyTypeInclude>
<SubPropertyTypeInclude>Position.Autodesk.AutoCAD.DatabaseServices.BlockReference</SubPropertyTypeInclude>
<SubPropertyTypeInclude>Position.Autodesk.AutoCAD.DatabaseServices.DBPoint</SubPropertyTypeInclude>
<SubPropertyTypeInclude>Position.Autodesk.AutoCAD.DatabaseServices.DBText</SubPropertyTypeInclude>
<SubPropertyTypeInclude>Position.Autodesk.AutoCAD.DatabaseServices.DgnReference</SubPropertyTypeInclude>
<SubPropertyTypeInclude>Position.Autodesk.AutoCAD.DatabaseServices.DwfReference</SubPropertyTypeInclude>
<SubPropertyTypeInclude>Position.Autodesk.AutoCAD.DatabaseServices.PdfReference</SubPropertyTypeInclude>
<SubPropertyTypeInclude>Position.Autodesk.AutoCAD.DatabaseServices.Light</SubPropertyTypeInclude>
<SubPropertyTypeInclude>Position.Autodesk.AutoCAD.DatabaseServices.Shape</SubPropertyTypeInclude>
<SubPropertyTypeInclude>Position.Autodesk.AutoCAD.DatabaseServices.Table</SubPropertyTypeInclude>
<SubPropertyTypeInclude>Position.Autodesk.AutoCAD.DatabaseServices.Wipeout</SubPropertyTypeInclude>
<SubPropertyTypeInclude>Position.Autodesk.AutoCAD.EditorInput.Camera</SubPropertyTypeInclude>
<SubPropertyTypeInclude>ScaleFactors.Autodesk.AutoCAD.DatabaseServices.BlockReference</SubPropertyTypeInclude>
<SubPropertyTypeInclude>ScaleFactors.Autodesk.AutoCAD.DatabaseServices.UnderlayReference</SubPropertyTypeInclude>
<SubPropertyTypeInclude>SecondPoint.Autodesk.AutoCAD.DatabaseServices.Ray</SubPropertyTypeInclude>
<SubPropertyTypeInclude>SecondPoint.Autodesk.AutoCAD.DatabaseServices.Xline</SubPropertyTypeInclude>
<SubPropertyTypeInclude>StartPoint.Autodesk.AutoCAD.DatabaseServices.Line</SubPropertyTypeInclude>
<SubPropertyTypeInclude>StartPoint.Autodesk.AutoCAD.DatabaseServices.Helix</SubPropertyTypeInclude>
<SubPropertyTypeInclude>Target.Autodesk.AutoCAD.EditorInput.Camera</SubPropertyTypeInclude>
<SubPropertyTypeInclude>TargetLocation.Autodesk.AutoCAD.DatabaseServices.Light</SubPropertyTypeInclude>
<SubPropertyTypeInclude>MText.Autodesk.AutoCAD.DatabaseServices.MLeader</SubPropertyTypeInclude>

</ExclusionList>
