<Configurations><CommandWeight DefaultWeight="0" UseCountFactor="10000"><Command Name="*_TOOLPALETTEPATH" Weight="815"/><Command Name="+PUBLISH" Weight="175"/><Command Name="+RIBBON" Weight="326"/><Command Name="+SAVEAS" Weight="1018"/><Command Name="-LAYER" UseCount="1"/><Command Name="3DALIGN" Weight="1217"/><Command Name="3DCLIP" Weight="1001"/><Command Name="3DCONFIG" Weight="803"/><Command Name="3DCONVERSIONMODE" Weight="285"/><Command Name="3DCORBIT" Weight="1153"/><Command Name="3DDISTANCE" Weight="775"/><Command Name="3DDWF" Weight="936"/><Command Name="3DDWFPREC" Weight="246"/><Command Name="3DDWFPUBLISH" Weight="168"/><Command Name="3DEDITBAR" Weight="793"/><Command Name="3DFACE" Weight="1280"/><Command Name="3DFLY" Weight="752"/><Command Name="3DFORBIT" Weight="1412"/><Command Name="3DMESH" Weight="780"/><Command Name="3DMOVE" Weight="1272"/><Command Name="3DORBIT" Weight="1481"/><Command Name="3DORBITCTR" Weight="1026"/><Command Name="3DORBITTRANSPARENT" Weight="1502"/><Command Name="3DOSMODE" Weight="221"/><Command Name="3DOSNAP" Weight="222"/><Command Name="3DPAN" Weight="1131"/><Command Name="3DPOLY" Weight="1345"/><Command Name="3DPRINT" Weight="649"/><Command Name="3DROTATE" Weight="1392"/><Command Name="3DSCALE" Weight="849"/><Command Name="3DSELECTIONMODE" Weight="200"/><Command Name="3DSWIVEL" Weight="807"/><Command Name="3DSWIVELTRANSPARENT" Weight="1214"/><Command Name="3DWALK" Weight="915"/><Command Name="3DZOOM" Weight="930"/><Command Name="?" Weight="640"/><Command Name="ABOUT" Weight="1150"/><Command Name="ACADBLOCKDIALOG" Weight="286"/><Command Name="ACADLSPASDOC" Weight="933"/><Command Name="ACADPREFIX" Weight="142"/><Command Name="ACADVER" Weight="364"/><Command Name="ACADWBLOCKDIALOG" Weight="231"/><Command Name="ACISIN" Weight="811"/><Command Name="ACISOUT" Weight="410"/><Command Name="ACTBASEPOINT" Weight="382"/><Command Name="ACTMANAGER" Weight="783"/><Command Name="ACTPATH" Weight="97"/><Command Name="ACTRECORD" Weight="986"/><Command Name="ACTRECORDERSTATE" Weight="93"/><Command Name="ACTRECPATH" Weight="78"/><Command Name="ACTSTOP" Weight="898"/><Command Name="ACTUI" Weight="139"/><Command Name="ACTUSERINPUT" Weight="398"/><Command Name="ACTUSERMESSAGE" Weight="461"/><Command Name="ADCCLOSE" Weight="1021"/><Command Name="ADCCUSTOMNAVIGATE" Weight="94"/><Command Name="ADCENTER" Weight="1342"/><Command Name="ADCNAVIGATE" Weight="778"/><Command Name="ADCSTATE" Weight="201"/><Command Name="ADDSELECTED" Weight="1267"/><Command Name="ADJUST" Weight="817"/><Command Name="AFLAGS" Weight="641"/><Command Name="ALIGN" Weight="1434"/><Command Name="ALLPLAY" Weight="1008"/><Command Name="ANALYSISCURVATURE" Weight="745"/><Command Name="ANALYSISDRAFT" Weight="724"/><Command Name="ANALYSISOPTIONS" Weight="777"/><Command Name="ANALYSISZEBRA" Weight="1182"/><Command Name="ANGBASE" Weight="963"/><Command Name="ANGDIR" Weight="844"/><Command Name="ANIPATH" Weight="1025"/><Command Name="ANNOALLVISIBLE" Weight="1316"/><Command Name="ANNOAUTOSCALE" Weight="1260"/><Command Name="ANNORESET" Weight="880"/><Command Name="ANNOTATIVEDWG" Weight="599"/><Command Name="ANNOUPDATE" Weight="425"/><Command Name="APBOX" Weight="710"/><Command Name="APERTURE" Weight="958"/><Command Name="APPAUTOLOAD" Weight="502"/><Command Name="APPAUTOLOADER" Weight="309"/><Command Name="APPLOAD" Weight="1325"/><Command Name="APPLYGLOBALOPACITIES" Weight="223"/><Command Name="ARC" Weight="1497"/><Command Name="ARCHIVE" Weight="553"/><Command Name="AREA" Weight="1467"/><Command Name="ARRAY" Weight="1396"/><Command Name="ARRAYCLASSIC" Weight="977"/><Command Name="ARRAYCLOSE" Weight="633"/><Command Name="ARRAYEDIT" Weight="1275"/><Command Name="ARRAYEDITSTATE" Weight="541"/><Command Name="ARRAYPATH" Weight="1282"/><Command Name="ARRAYPOLAR" Weight="1376"/><Command Name="ARRAYRECT" Weight="1406"/><Command Name="ARX" Weight="1162"/><Command Name="ATTACH" Weight="1329"/><Command Name="ATTACHURL" Weight="196"/><Command Name="ATTDEF" Weight="1310"/><Command Name="ATTDIA" Weight="1259"/><Command Name="ATTDISP" Weight="1014"/><Command Name="ATTEDIT" Weight="1388"/><Command Name="ATTEXT" Weight="1116"/><Command Name="ATTIPE" Weight="537"/><Command Name="ATTIPEDIT" Weight="1243"/><Command Name="ATTMODE" Weight="868"/><Command Name="ATTMULTI" Weight="513"/><Command Name="ATTREQ" Weight="1251"/><Command Name="ATTSYNC" Weight="1173"/><Command Name="AUDIT" Weight="1370"/><Command Name="AUDITCTL" Weight="612"/><Command Name="AUNITS" Weight="809"/><Command Name="AUPREC" Weight="804"/><Command Name="AUTOCOMPLETE" Weight="623"/><Command Name="AUTOCOMPLETEDELAY" Weight="242"/><Command Name="AUTOCOMPLETEMODE" Weight="310"/><Command Name="AUTOCONSTRAIN" Weight="1095"/><Command Name="AUTODWFPUBLISH" Weight="510"/><Command Name="AUTOMATICPUB" Weight="356"/><Command Name="AUTOPUBLISH" Weight="1261"/><Command Name="AUTOSNAP" Weight="962"/><Command Name="BACKGROUND" Weight="812"/><Command Name="BACKGROUNDPLOT" Weight="725"/><Command Name="BACKZ" Weight="239"/><Command Name="BACTION" Weight="980"/><Command Name="BACTIONBAR" Weight="567"/><Command Name="BACTIONBARMODE" Weight="287"/><Command Name="BACTIONCOLOR" Weight="66"/><Command Name="BACTIONSET" Weight="1242"/><Command Name="BACTIONTOOL" Weight="1295"/><Command Name="BASE" Weight="1118"/><Command Name="BASSOCIATE" Weight="206"/><Command Name="BATTMAN" Weight="1198"/><Command Name="BATTORDER" Weight="555"/><Command Name="BAUTHORPALETTE" Weight="619"/><Command Name="BAUTHORPALETTECLOSE" Weight="637"/><Command Name="BCLOSE" Weight="1477"/><Command Name="BCONSTATUSMODE" Weight="648"/><Command Name="BCONSTRUCTION" Weight="569"/><Command Name="BCPARAMETER" Weight="1036"/><Command Name="BCYCLEORDER" Weight="399"/><Command Name="BDEPENDENCYHIGHLIGHT" Weight="447"/><Command Name="BEDIT" Weight="1479"/><Command Name="BESETTINGS" Weight="686"/><Command Name="BGRIPOBJCOLOR" Weight="40"/><Command Name="BGRIPOBJSIZE" Weight="67"/><Command Name="BGRIPSET" Weight="689"/><Command Name="BHATCH" Weight="1403"/><Command Name="BINDTYPE" Weight="739"/><Command Name="BLEND" Weight="1247"/><Command Name="BLOCK" Weight="1463"/><Command Name="BLOCKEDITLOCK" Weight="603"/><Command Name="BLOCKEDITOR" Weight="744"/><Command Name="BLOCKICON" Weight="733"/><Command Name="BLOCKTESTWINDOW" Weight="347"/><Command Name="BLOOKUPTABLE" Weight="526"/><Command Name="BMAKE" Weight="787"/><Command Name="BMOD" Weight="98"/><Command Name="BMPOUT" Weight="431"/><Command Name="BORROWLICENSE" Weight="564"/><Command Name="BOUNDARY" Weight="1439"/><Command Name="BOX" Weight="1437"/><Command Name="BPARAMETER" Weight="1328"/><Command Name="BPARAMETERCOLOR" Weight="68"/><Command Name="BPARAMETERFONT" Weight="99"/><Command Name="BPARAMETERSIZE" Weight="58"/><Command Name="BPOLY" Weight="1265"/><Command Name="BPTEXTHORIZONTAL" Weight="32"/><Command Name="BREAK" Weight="1490"/><Command Name="BREP" Weight="1161"/><Command Name="BROWSER" Weight="990"/><Command Name="BSAVE" Weight="1266"/><Command Name="BSAVEAS" Weight="1171"/><Command Name="BTABLE" Weight="992"/><Command Name="BTESTBLOCK" Weight="1194"/><Command Name="BTMARKDISPLAY" Weight="169"/><Command Name="BVHIDE" Weight="1228"/><Command Name="BVMODE" Weight="1186"/><Command Name="BVSHOW" Weight="1180"/><Command Name="BVSTATE" Weight="1189"/><Command Name="CAL" Weight="1362"/><Command Name="CALCINPUT" Weight="588"/><Command Name="CAMERA" Weight="1136"/><Command Name="CAMERADISPLAY" Weight="813"/><Command Name="CAMERAHEIGHT" Weight="352"/><Command Name="CANNOSCALE" Weight="1454"/><Command Name="CANNOSCALEVALUE" Weight="238"/><Command Name="CAPTURETHUMBNAILS" Weight="395"/><Command Name="CBARTRANSPARENCY" Weight="197"/><Command Name="CCONSTRAINTFORM" Weight="1120"/><Command Name="CDATE" Weight="506"/><Command Name="CDYNDISPLAYMODE" Weight="103"/><Command Name="CECOLOR" Weight="1452"/><Command Name="CELTSCALE" Weight="985"/><Command Name="CELTYPE" Weight="1374"/><Command Name="CELWEIGHT" Weight="1330"/><Command Name="CENTERMT" Weight="883"/><Command Name="CETRANSPARENCY" Weight="864"/><Command Name="CHAMFER" Weight="1494"/><Command Name="CHAMFERA" Weight="740"/><Command Name="CHAMFERB" Weight="722"/><Command Name="CHAMFERC" Weight="491"/><Command Name="CHAMFERD" Weight="468"/><Command Name="CHAMFEREDGE" Weight="1160"/><Command Name="CHAMMODE" Weight="450"/><Command Name="CHANGE" Weight="1447"/><Command Name="CHECKSTANDARDS" Weight="917"/><Command Name="CHPROP" Weight="1522"/><Command Name="CHSPACE" Weight="1252"/><Command Name="CIPMODE" Weight="891"/><Command Name="CIRCLE" Weight="1515"/><Command Name="CIRCLERAD" Weight="581"/><Command Name="CLASSICGROUP" Weight="1030"/><Command Name="CLASSICIMAGE" Weight="597"/><Command Name="CLASSICKEYS" Weight="227"/><Command Name="CLASSICLAYER" Weight="1172"/><Command Name="CLASSICXREF" Weight="1102"/><Command Name="CLAYER" Weight="1500"/><Command Name="CLEANSCREENOFF" Weight="1248"/><Command Name="CLEANSCREENON" Weight="1271"/><Command Name="CLEANSCREENSTATE" Weight="218"/><Command Name="CLIP" Weight="1112"/><Command Name="CLIPBOARD" Weight="329"/><Command Name="CLIPROMPTLINES" Weight="212"/><Command Name="CLOSE" Weight="1530"/><Command Name="CLOSEALL" Weight="1301"/><Command Name="CMATERIAL" Weight="495"/><Command Name="CMDACTIVE" Weight="312"/><Command Name="CMDDIA" Weight="1104"/><Command Name="CMDECHO" Weight="1369"/><Command Name="CMDINPUTHISTORYMAX" Weight="166"/><Command Name="CMDNAMES" Weight="192"/><Command Name="CMLEADERSTYLE" Weight="1215"/><Command Name="CMLJUST" Weight="391"/><Command Name="CMLSCALE" Weight="600"/><Command Name="CMLSTYLE" Weight="368"/><Command Name="COLOR" Weight="1423"/><Command Name="COMMANDLINE" Weight="1383"/><Command Name="COMMANDLINEHIDE" Weight="1105"/><Command Name="COMPASS" Weight="422"/><Command Name="COMPILE" Weight="579"/><Command Name="CONE" Weight="1183"/><Command Name="CONSTRAINTBAR" Weight="1220"/><Command Name="CONSTRAINTBARDISPLAY" Weight="315"/><Command Name="CONSTRAINTBARMODE" Weight="260"/><Command Name="CONSTRAINTINFER" Weight="636"/><Command Name="CONSTRAINTNAMEFORMAT" Weight="492"/><Command Name="CONSTRAINTRELAX" Weight="263"/><Command Name="CONSTRAINTSETTINGS" Weight="897"/><Command Name="CONSTRAINTSOLVEMODE" Weight="110"/><Command Name="CONTENT" Weight="266"/><Command Name="CONVERT" Weight="1041"/><Command Name="CONVERTCTB" Weight="538"/><Command Name="CONVERTOLDLIGHTS" Weight="120"/><Command Name="CONVERTOLDMATERIALS" Weight="397"/><Command Name="CONVERTPOLY" Weight="1175"/><Command Name="CONVERTPSTYLES" Weight="841"/><Command Name="CONVTONURBS" Weight="890"/><Command Name="CONVTOSOLID" Weight="1132"/><Command Name="CONVTOSURFACE" Weight="1045"/><Command Name="COORDS" Weight="1055"/><Command Name="COPY" Weight="1539"/><Command Name="COPYBASE" Weight="1488"/><Command Name="COPYCLIP" Weight="1506"/><Command Name="COPYHIST" Weight="584"/><Command Name="COPYLINK" Weight="953"/><Command Name="COPYMODE" Weight="616"/><Command Name="CPLOTSTYLE" Weight="475"/><Command Name="CPROFILE" Weight="358"/><Command Name="CROSSINGAREACOLOR" Weight="529"/><Command Name="CTAB" Weight="527"/><Command Name="CTABLESTYLE" Weight="738"/><Command Name="CUI" Weight="1346"/><Command Name="CUIEXPORT" Weight="715"/><Command Name="CUIIMPORT" Weight="845"/><Command Name="CUILOAD" Weight="1168"/><Command Name="CUIUNLOAD" Weight="1143"/><Command Name="CULLINGOBJ" Weight="1148"/><Command Name="CULLINGOBJSELECTION" Weight="51"/><Command Name="CURSORSIZE" Weight="719"/><Command Name="CUSTOMERINVOLVEMENTPROGRAM" Weight="756"/><Command Name="CUSTOMIZE" Weight="497"/><Command Name="CUTCLIP" Weight="1449"/><Command Name="CVADD" Weight="704"/><Command Name="CVHIDE" Weight="674"/><Command Name="CVPORT" Weight="721"/><Command Name="CVREBUILD" Weight="784"/><Command Name="CVREMOVE" Weight="624"/><Command Name="CVSHOW" Weight="850"/><Command Name="CYLINDER" Weight="1381"/><Command Name="DATAEXTRACTION" Weight="1167"/><Command Name="DATALINK" Weight="1127"/><Command Name="DATALINKNOTIFY" Weight="306"/><Command Name="DATALINKUPDATE" Weight="1231"/><Command Name="DATE" Weight="247"/><Command Name="DBCCLOSE" Weight="456"/><Command Name="DBCCONFIGURE" Weight="207"/><Command Name="DBCDEFINELLT" Weight="69"/><Command Name="DBCDEFINELT" Weight="85"/><Command Name="DBCONNECT" Weight="853"/><Command Name="DBCSTATE" Weight="13"/><Command Name="DBLCLKEDIT" Weight="1024"/><Command Name="DBLIST" Weight="441"/><Command Name="DBMOD" Weight="178"/><Command Name="DCALIGNED" Weight="1169"/><Command Name="DCANGULAR" Weight="1051"/><Command Name="DCCONVERT" Weight="760"/><Command Name="DCDIAMETER" Weight="848"/><Command Name="DCDISPLAY" Weight="1142"/><Command Name="DCFORM" Weight="136"/><Command Name="DCHORIZONTAL" Weight="1092"/><Command Name="DCLINEAR" Weight="1283"/><Command Name="DCRADIUS" Weight="947"/><Command Name="DCTCUST" Weight="543"/><Command Name="DCTMAIN" Weight="482"/><Command Name="DCVERTICAL" Weight="1072"/><Command Name="DDATTE" Weight="1385"/><Command Name="DDEDIT" Weight="1525"/><Command Name="DDIM" Weight="1229"/><Command Name="DDINSERT" Weight="1163"/><Command Name="DDPTYPE" Weight="1312"/><Command Name="DDSTYLE" Weight="669"/><Command Name="DDUCS" Weight="895"/><Command Name="DDUNITS" Weight="781"/><Command Name="DDVPOINT" Weight="1196"/><Command Name="DEFAULTGIZMO" Weight="878"/><Command Name="DEFAULTLIGHTING" Weight="833"/><Command Name="DEFAULTLIGHTINGTYPE" Weight="291"/><Command Name="DEFLPLSTYLE" Weight="173"/><Command Name="DEFPLSTYLE" Weight="140"/><Command Name="DELAY" Weight="1193"/><Command Name="DELCONSTRAINT" Weight="1164"/><Command Name="DELOBJ" Weight="678"/><Command Name="DEMANDLOAD" Weight="771"/><Command Name="DETACHURL" Weight="944"/><Command Name="DGNADJUST" Weight="230"/><Command Name="DGNATTACH" Weight="788"/><Command Name="DGNCLIP" Weight="330"/><Command Name="DGNEXPORT" Weight="709"/><Command Name="DGNFRAME" Weight="121"/><Command Name="DGNIMPORT" Weight="857"/><Command Name="DGNIMPORTMAX" Weight="70"/><Command Name="DGNIMPORTMODE" Weight="52"/><Command Name="DGNLAYERS" Weight="213"/><Command Name="DGNMAPPING" Weight="307"/><Command Name="DGNOSNAP" Weight="158"/><Command Name="DIASTAT" Weight="625"/><Command Name="DIGITIZER" Weight="257"/><Command Name="DIM" Weight="1533"/><Command Name="DIMADEC" Weight="866"/><Command Name="DIMALIGNED" Weight="1474"/><Command Name="DIMALT" Weight="837"/><Command Name="DIMALTD" Weight="810"/><Command Name="DIMALTF" Weight="735"/><Command Name="DIMALTRND" Weight="665"/><Command Name="DIMALTTD" Weight="680"/><Command Name="DIMALTTZ" Weight="699"/><Command Name="DIMALTU" Weight="761"/><Command Name="DIMALTZ" Weight="687"/><Command Name="DIMANGULAR" Weight="1441"/><Command Name="DIMANNO" Weight="150"/><Command Name="DIMAPOST" Weight="714"/><Command Name="DIMARC" Weight="1352"/><Command Name="DIMARCSYM" Weight="244"/><Command Name="DIMASO" Weight="904"/><Command Name="DIMASSOC" Weight="1070"/><Command Name="DIMASZ" Weight="1152"/><Command Name="DIMATFIT" Weight="955"/><Command Name="DIMAUNIT" Weight="655"/><Command Name="DIMAZIN" Weight="626"/><Command Name="DIMBASELINE" Weight="1298"/><Command Name="DIMBLK" Weight="940"/><Command Name="DIMBLK1" Weight="799"/><Command Name="DIMBLK2" Weight="818"/><Command Name="DIMBREAK" Weight="1274"/><Command Name="DIMCEN" Weight="925"/><Command Name="DIMCENTER" Weight="1333"/><Command Name="DIMCLRD" Weight="808"/><Command Name="DIMCLRE" Weight="731"/><Command Name="DIMCLRT" Weight="877"/><Command Name="DIMCONSTRAINT" Weight="785"/><Command Name="DIMCONSTRAINTICON" Weight="104"/><Command Name="DIMCONTINUE" Weight="1458"/><Command Name="DIMDEC" Weight="896"/><Command Name="DIMDIAMETER" Weight="1424"/><Command Name="DIMDISASSOCIATE" Weight="1208"/><Command Name="DIMDLE" Weight="764"/><Command Name="DIMDLI" Weight="814"/><Command Name="DIMDSEP" Weight="645"/><Command Name="DIMEDIT" Weight="1317"/><Command Name="DIMEXE" Weight="854"/><Command Name="DIMEXO" Weight="870"/><Command Name="DIMFIT" Weight="767"/><Command Name="DIMFRAC" Weight="805"/><Command Name="DIMFXL" Weight="363"/><Command Name="DIMFXLON" Weight="501"/><Command Name="DIMGAP" Weight="912"/><Command Name="DIMHORIZONTAL" Weight="862"/><Command Name="DIMINSPECT" Weight="1032"/><Command Name="DIMJOGANG" Weight="385"/><Command Name="DIMJOGGED" Weight="1170"/><Command Name="DIMJOGLINE" Weight="1074"/><Command Name="DIMJUST" Weight="736"/><Command Name="DIMLDRBLK" Weight="967"/><Command Name="DIMLFAC" Weight="1046"/><Command Name="DIMLIM" Weight="720"/><Command Name="DIMLINEAR" Weight="1475"/><Command Name="DIMLTEX1" Weight="380"/><Command Name="DIMLTEX2" Weight="372"/><Command Name="DIMLTYPE" Weight="375"/><Command Name="DIMLUNIT" Weight="820"/><Command Name="DIMLWD" Weight="570"/><Command Name="DIMLWE" Weight="448"/><Command Name="DIMORDINATE" Weight="1394"/><Command Name="DIMOVERRIDE" Weight="1205"/><Command Name="DIMPOST" Weight="741"/><Command Name="DIMRADIUS" Weight="1426"/><Command Name="DIMREASSOCIATE" Weight="1064"/><Command Name="DIMREGEN" Weight="615"/><Command Name="DIMRND" Weight="465"/><Command Name="DIMROTATED" Weight="753"/><Command Name="DIMSAH" Weight="827"/><Command Name="DIMSCALE" Weight="1304"/><Command Name="DIMSD1" Weight="873"/><Command Name="DIMSD2" Weight="789"/><Command Name="DIMSE1" Weight="1110"/><Command Name="DIMSE2" Weight="1085"/><Command Name="DIMSHO" Weight="673"/><Command Name="DIMSOXD" Weight="782"/><Command Name="DIMSPACE" Weight="1218"/><Command Name="DIMSTYLE" Weight="1503"/><Command Name="DIMTAD" Weight="1016"/><Command Name="DIMTDEC" Weight="479"/><Command Name="DIMTEDIT" Weight="1343"/><Command Name="DIMTFAC" Weight="887"/><Command Name="DIMTFILL" Weight="301"/><Command Name="DIMTFILLCLR" Weight="100"/><Command Name="DIMTIH" Weight="999"/><Command Name="DIMTIX" Weight="746"/><Command Name="DIMTM" Weight="433"/><Command Name="DIMTMOVE" Weight="688"/><Command Name="DIMTOFL" Weight="1044"/><Command Name="DIMTOH" Weight="996"/><Command Name="DIMTOL" Weight="743"/><Command Name="DIMTOLJ" Weight="575"/><Command Name="DIMTP" Weight="434"/><Command Name="DIMTSZ" Weight="601"/><Command Name="DIMTVP" Weight="478"/><Command Name="DIMTXSTY" Weight="934"/><Command Name="DIMTXT" Weight="1015"/><Command Name="DIMTXTDIRECTION" Weight="116"/><Command Name="DIMTZIN" Weight="546"/><Command Name="DIMUPT" Weight="988"/><Command Name="DIMVERTICAL" Weight="861"/><Command Name="DIMZIN" Weight="1009"/><Command Name="DISPSILH" Weight="981"/><Command Name="DIST" Weight="1521"/><Command Name="DISTANCE" Weight="984"/><Command Name="DISTANTLIGHT" Weight="903"/><Command Name="DIVIDE" Weight="1417"/><Command Name="DIVMESHBOXHEIGHT" Weight="214"/><Command Name="DIVMESHBOXLENGTH" Weight="79"/><Command Name="DIVMESHBOXWIDTH" Weight="41"/><Command Name="DIVMESHCONEAXIS" Weight="1"/><Command Name="DIVMESHCONEBASE" Weight="42"/><Command Name="DIVMESHCONEHEIGHT" Weight="2"/><Command Name="DIVMESHCYLAXIS" Weight="14"/><Command Name="DIVMESHCYLHEIGHT" Weight="3"/><Command Name="DIVMESHSPHEREAXIS" Weight="86"/><Command Name="DIVMESHSPHEREHEIGHT" Weight="43"/><Command Name="DIVMESHTORUSPATH" Weight="4"/><Command Name="DIVMESHWEDGEBASE" Weight="5"/><Command Name="DIVMESHWEDGEHEIGHT" Weight="6"/><Command Name="DIVMESHWEDGELENGTH" Weight="7"/><Command Name="DIVMESHWEDGESLOPE" Weight="8"/><Command Name="DIVMESHWEDGEWIDTH" Weight="59"/><Command Name="DONUT" Weight="1331"/><Command Name="DONUTID" Weight="590"/><Command Name="DONUTOD" Weight="571"/><Command Name="DOUGHNUT" Weight="768"/><Command Name="DOWNLOADMANAGER" Weight="190"/><Command Name="DRAGMODE" Weight="1188"/><Command Name="DRAGP1" Weight="339"/><Command Name="DRAGP2" Weight="261"/><Command Name="DRAGVS" Weight="183"/><Command Name="DRAWINGRECOVERY" Weight="960"/><Command Name="DRAWINGRECOVERYHIDE" Weight="507"/><Command Name="DRAWORDER" Weight="1489"/><Command Name="DROPGEOM" Weight="1493"/><Command Name="DRSTATE" Weight="33"/><Command Name="DSETTINGS" Weight="1289"/><Command Name="DTEXT" Weight="1361"/><Command Name="DTEXTED" Weight="679"/><Command Name="DUMPMEMALLOC" Weight="105"/><Command Name="DVIEW" Weight="1305"/><Command Name="DWFADJUST" Weight="267"/><Command Name="DWFATTACH" Weight="869"/><Command Name="DWFCLIP" Weight="400"/><Command Name="DWFFORMAT" Weight="345"/><Command Name="DWFFRAME" Weight="250"/><Command Name="DWFLAYERS" Weight="262"/><Command Name="DWFOSNAP" Weight="416"/><Command Name="DWGCHECK" Weight="449"/><Command Name="DWGCODEPAGE" Weight="87"/><Command Name="DWGCONVERT" Weight="1039"/><Command Name="DWGNAME" Weight="550"/><Command Name="DWGPREFIX" Weight="419"/><Command Name="DWGPROPS" Weight="1241"/><Command Name="DWGTITLED" Weight="143"/><Command Name="DXBIN" Weight="774"/><Command Name="DXEVAL" Weight="690"/><Command Name="DXFIN" Weight="792"/><Command Name="DXFOUT" Weight="1139"/><Command Name="DYNCONSTRAINTMODE" Weight="88"/><Command Name="DYNINFOTIPS" Weight="159"/><Command Name="DYNPROMPT" Weight="582"/><Command Name="EATTEDIT" Weight="1501"/><Command Name="EATTEXT" Weight="747"/><Command Name="EDGEMODE" Weight="950"/><Command Name="EDGESURF" Weight="1113"/><Command Name="EDITINFUSION" Weight="1201"/><Command Name="EDITSHOT" Weight="884"/><Command Name="ELEV" Weight="1057"/><Command Name="ELEVATION" Weight="949"/><Command Name="ELLIPSE" Weight="1425"/><Command Name="ENTERPRISEMENU" Weight="445"/><Command Name="EPLOTEXT" Weight="467"/><Command Name="ERASE" Weight="1542"/><Command Name="ERHIGHLIGHT" Weight="498"/><Command Name="ERRNO" Weight="126"/><Command Name="ERSTATE" Weight="53"/><Command Name="ETRANSMIT" Weight="1300"/><Command Name="EXPERT" Weight="1256"/><Command Name="EXPLMODE" Weight="518"/><Command Name="EXPLODE" Weight="1504" UseCount="2"/><Command Name="EXPORT" Weight="1306"/><Command Name="EXPORTDWF" Weight="942"/><Command Name="EXPORTDWFX" Weight="729"/><Command Name="EXPORTEPLOTFORMAT" Weight="929"/><Command Name="EXPORTLAYOUT" Weight="946"/><Command Name="EXPORTMODELSPACE" Weight="644"/><Command Name="EXPORTPAGESETUP" Weight="702"/><Command Name="EXPORTPAPERSPACE" Weight="634"/><Command Name="EXPORTPDF" Weight="1354"/><Command Name="EXPORTSETTINGS" Weight="1083"/><Command Name="EXTEND" Weight="1523"/><Command Name="EXTERNALREFERENCES" Weight="1411"/><Command Name="EXTERNALREFERENCESCLOSE" Weight="922"/><Command Name="EXTMAX" Weight="353"/><Command Name="EXTMIN" Weight="264"/><Command Name="EXTNAMES" Weight="865"/><Command Name="EXTRUDE" Weight="1480"/><Command Name="FACETERDEVNORMAL" Weight="535"/><Command Name="FACETERDEVSURFACE" Weight="184"/><Command Name="FACETERGRIDRATIO" Weight="174"/><Command Name="FACETERMAXEDGELENGTH" Weight="71"/><Command Name="FACETERMAXGRID" Weight="9"/><Command Name="FACETERMESHTYPE" Weight="146"/><Command Name="FACETERMINUGRID" Weight="60"/><Command Name="FACETERPRIMITIVEMODE" Weight="23"/><Command Name="FACETERSMOOTHLEV" Weight="160"/><Command Name="FACETRATIO" Weight="618"/><Command Name="FACETRES" Weight="839"/><Command Name="FBXEXPORT" Weight="635"/><Command Name="FBXIMPORT" Weight="193"/><Command Name="FBXIMPORTLOG" Weight="61"/><Command Name="FIELD" Weight="1099"/><Command Name="FIELDDISPLAY" Weight="595"/><Command Name="FIELDEVAL" Weight="867"/><Command Name="FILEDIA" Weight="1293"/><Command Name="FILEOPEN" Weight="769"/><Command Name="FILL" Weight="1063"/><Command Name="FILLET" Weight="1528"/><Command Name="FILLETEDGE" Weight="1303"/><Command Name="FILLETRAD" Weight="1234"/><Command Name="FILLETRAD3D" Weight="335"/><Command Name="FILLMODE" Weight="802"/><Command Name="FILTER" Weight="1327"/><Command Name="FIND" Weight="1398"/><Command Name="FLATSHOT" Weight="1246"/><Command Name="FONTALT" Weight="706"/><Command Name="FONTMAP" Weight="591"/><Command Name="FRAME" Weight="1129"/><Command Name="FRAMESELECTION" Weight="559"/><Command Name="FREESPOT" Weight="122"/><Command Name="FREEWEB" Weight="127"/><Command Name="FRONTZ" Weight="560"/><Command Name="FULLOPEN" Weight="293"/><Command Name="FULLPLOTPATH" Weight="412"/><Command Name="GCCOINCIDENT" Weight="1202"/><Command Name="GCCOLLINEAR" Weight="923"/><Command Name="GCCONCENTRIC" Weight="956"/><Command Name="GCEQUAL" Weight="1010"/><Command Name="GCFIX" Weight="1007"/><Command Name="GCHORIZONTAL" Weight="976"/><Command Name="GCPARALLEL" Weight="1122"/><Command Name="GCPERPENDICULAR" Weight="1119"/><Command Name="GCSMOOTH" Weight="676"/><Command Name="GCSYMMETRIC" Weight="871"/><Command Name="GCTANGENT" Weight="1179"/><Command Name="GCVERTICAL" Weight="928"/><Command Name="GEOGRAPHICLOCATION" Weight="1050"/><Command Name="GEOLATLONGFORMAT" Weight="265"/><Command Name="GEOMARKERVISIBILITY" Weight="394"/><Command Name="GEOMCONSTRAINT" Weight="1077"/><Command Name="GFANG" Weight="730"/><Command Name="GFCLR1" Weight="1190"/><Command Name="GFCLR2" Weight="1178"/><Command Name="GFCLRLUM" Weight="343"/><Command Name="GFCLRSTATE" Weight="762"/><Command Name="GLOBALOPACITY" Weight="379"/><Command Name="GRADIENT" Weight="1373"/><Command Name="GRAPHICSCONFIG" Weight="361"/><Command Name="GRAPHSCR" Weight="1209"/><Command Name="GRID" Weight="1277"/><Command Name="GRIDDISPLAY" Weight="748"/><Command Name="GRIDMAJOR" Weight="294"/><Command Name="GRIDMODE" Weight="773"/><Command Name="GRIDSTYLE" Weight="539"/><Command Name="GRIDUNIT" Weight="574"/><Command Name="GRIPBLOCK" Weight="605"/><Command Name="GRIPCOLOR" Weight="340"/><Command Name="GRIPCONTOUR" Weight="24"/><Command Name="GRIPDYNCOLOR" Weight="80"/><Command Name="GRIPHOT" Weight="296"/><Command Name="GRIPHOVER" Weight="280"/><Command Name="GRIPMULTIFUNCTIONAL" Weight="414"/><Command Name="GRIPOBJLIMIT" Weight="240"/><Command Name="GRIPS" Weight="945"/><Command Name="GRIPSIZE" Weight="508"/><Command Name="GRIPSUBOBJMODE" Weight="245"/><Command Name="GRIPTIPS" Weight="302"/><Command Name="GROUP" Weight="1391"/><Command Name="GROUPDISPLAYMODE" Weight="477"/><Command Name="GROUPEDIT" Weight="1124"/><Command Name="GTAUTO" Weight="281"/><Command Name="GTDEFAULT" Weight="151"/><Command Name="GTLOCATION" Weight="137"/><Command Name="HALOGAP" Weight="587"/><Command Name="HANDLES" Weight="565"/><Command Name="HATCH" Weight="1505"/><Command Name="HATCHCREATION" Weight="512"/><Command Name="HATCHEDIT" Weight="1427" UseCount="1"/><Command Name="HATCHGENERATEBOUNDARY" Weight="1123"/><Command Name="HATCHSETBOUNDARY" Weight="863"/><Command Name="HATCHSETORIGIN" Weight="1049"/><Command Name="HATCHTOBACK" Weight="1249"/><Command Name="HATCHTYPE" Weight="377"/><Command Name="HELIX" Weight="1257"/><Command Name="HELP" Weight="1366"/><Command Name="HELPPREFIX" Weight="338"/><Command Name="HIDE" Weight="1364"/><Command Name="HIDEOBJECTS" Weight="1318"/><Command Name="HIDEPALETTES" Weight="462"/><Command Name="HIDEPRECISION" Weight="1029"/><Command Name="HIDETEXT" Weight="289"/><Command Name="HIDEXREFSCALES" Weight="117"/><Command Name="HIGHLIGHT" Weight="1038"/><Command Name="HLSETTINGS" Weight="459"/><Command Name="HPANG" Weight="1285"/><Command Name="HPANNOTATIVE" Weight="911"/><Command Name="HPASSOC" Weight="1071"/><Command Name="HPBACKGROUNDCOLOR" Weight="1068"/><Command Name="HPBOUND" Weight="111"/><Command Name="HPBOUNDRETAIN" Weight="95"/><Command Name="HPCOLOR" Weight="1355"/><Command Name="HPDLGMODE" Weight="593"/><Command Name="HPDOUBLE" Weight="734"/><Command Name="HPDRAWORDER" Weight="954"/><Command Name="HPGAPTOL" Weight="558"/><Command Name="HPINHERIT" Weight="797"/><Command Name="HPISLANDDETECTION" Weight="758"/><Command Name="HPISLANDDETECTIONMODE" Weight="509"/><Command Name="HPLASTPATTERN" Weight="44"/><Command Name="HPLAYER" Weight="834"/><Command Name="HPMAXAREAS" Weight="62"/><Command Name="HPMAXLINES" Weight="899"/><Command Name="HPNAME" Weight="1435"/><Command Name="HPOBJWARNING" Weight="15"/><Command Name="HPORIGIN" Weight="480"/><Command Name="HPORIGINMODE" Weight="795"/><Command Name="HPQUICKPREVIEW" Weight="643"/><Command Name="HPQUICKPREVTIMEOUT" Weight="81"/><Command Name="HPSCALE" Weight="826"/><Command Name="HPSEPARATE" Weight="913"/><Command Name="HPSPACE" Weight="504"/><Command Name="HPTRANSPARENCY" Weight="822"/><Command Name="HYPERLINK" Weight="918"/><Command Name="HYPERLINKBACK" Weight="499"/><Command Name="HYPERLINKBASE" Weight="202"/><Command Name="HYPERLINKFWD" Weight="386"/><Command Name="HYPERLINKOPEN" Weight="34"/><Command Name="HYPERLINKOPTIONS" Weight="225"/><Command Name="HYPERLINKSTOP" Weight="366"/><Command Name="ID" Weight="1420"/><Command Name="IGESEXPORT" Weight="402"/><Command Name="IGESIMPORT" Weight="427"/><Command Name="IMAGE" Weight="1165"/><Command Name="IMAGEADJUST" Weight="1184"/><Command Name="IMAGEATTACH" Weight="1386"/><Command Name="IMAGECLIP" Weight="1290"/><Command Name="IMAGEFRAME" Weight="1336"/><Command Name="IMAGEHLT" Weight="187"/><Command Name="IMAGEQUALITY" Weight="711"/><Command Name="IMPLIEDFACE" Weight="161"/><Command Name="IMPORT" Weight="1258"/><Command Name="IMPRINT" Weight="1019"/><Command Name="INDEXCTL" Weight="937"/><Command Name="INETLOCATION" Weight="436"/><Command Name="INPUTHISTORYMODE" Weight="505"/><Command Name="INSBASE" Weight="943"/><Command Name="INSERT" Weight="1496"/><Command Name="INSERTOBJ" Weight="1111"/><Command Name="INSNAME" Weight="552"/><Command Name="INSUNITS" Weight="1084"/><Command Name="INSUNITSDEFSOURCE" Weight="661"/><Command Name="INSUNITSDEFTARGET" Weight="666"/><Command Name="INTELLIGENTUPDATE" Weight="472"/><Command Name="INTERFERE" Weight="1037"/><Command Name="INTERFERECOLOR" Weight="45"/><Command Name="INTERFEREOBJVS" Weight="141"/><Command Name="INTERFEREVPVS" Weight="25"/><Command Name="INTERSECT" Weight="1253"/><Command Name="INTERSECTIONCOLOR" Weight="162"/><Command Name="INTERSECTIONDISPLAY" Weight="303"/><Command Name="ISAVEBAK" Weight="840"/><Command Name="ISAVEPERCENT" Weight="772"/><Command Name="ISOLATEOBJECTS" Weight="1278"/><Command Name="ISOLINES" Weight="855"/><Command Name="ISOPLANE" Weight="786"/><Command Name="JOIN" Weight="1469"/><Command Name="JPGOUT" Weight="838"/><Command Name="JUSTIFYTEXT" Weight="1125"/><Command Name="LARGEOBJECTSUPPORT" Weight="660"/><Command Name="LASTANGLE" Weight="424"/><Command Name="LASTPOINT" Weight="606"/><Command Name="LASTPROMPT" Weight="331"/><Command Name="LATITUDE" Weight="444"/><Command Name="LAYCUR" Weight="1344"/><Command Name="LAYDEL" Weight="1174"/><Command Name="LAYER" Weight="1512"/><Command Name="LAYERCLOSE" Weight="1365"/><Command Name="LAYERDLGMODE" Weight="672"/><Command Name="LAYEREVAL" Weight="1244"/><Command Name="LAYEREVALCTL" Weight="549"/><Command Name="LAYERFILTERALERT" Weight="524"/><Command Name="LAYERMANAGERSTATE" Weight="82"/><Command Name="LAYERNOTIFY" Weight="1115"/><Command Name="LAYERP" Weight="1400"/><Command Name="LAYERPALETTE" Weight="451"/><Command Name="LAYERPMODE" Weight="708"/><Command Name="LAYERSTATE" Weight="1351"/><Command Name="LAYFRZ" Weight="1464"/><Command Name="LAYISO" Weight="1471"/><Command Name="LAYLCK" Weight="1358"/><Command Name="LAYLOCKFADECTL" Weight="1069"/><Command Name="LAYMCH" Weight="1378"/><Command Name="LAYMCUR" Weight="1460"/><Command Name="LAYMRG" Weight="1078"/><Command Name="LAYOFF" Weight="1436"/><Command Name="LAYON" Weight="1440"/><Command Name="LAYOUT" Weight="1255"/><Command Name="LAYOUTCREATEVIEWPORT" Weight="365"/><Command Name="LAYOUTREGENCTL" Weight="684"/><Command Name="LAYOUTWIZARD" Weight="927"/><Command Name="LAYTHW" Weight="1313"/><Command Name="LAYTRANS" Weight="1005"/><Command Name="LAYULK" Weight="1356"/><Command Name="LAYUNISO" Weight="1445"/><Command Name="LAYVPI" Weight="700"/><Command Name="LAYWALK" Weight="1225"/><Command Name="LEADER" Weight="1382"/><Command Name="LEGACYCTRLPICK" Weight="381"/><Command Name="LENGTHEN" Weight="1395"/><Command Name="LENSLENGTH" Weight="415"/><Command Name="LIGHT" Weight="670"/><Command Name="LIGHTGLYPHDISPLAY" Weight="847"/><Command Name="LIGHTINGUNITS" Weight="766"/><Command Name="LIGHTLIST" Weight="1058"/><Command Name="LIGHTLISTCLOSE" Weight="656"/><Command Name="LIGHTSINBLOCKS" Weight="297"/><Command Name="LIMCHECK" Weight="957"/><Command Name="LIMITS" Weight="1360"/><Command Name="LIMMAX" Weight="703"/><Command Name="LIMMIN" Weight="651"/><Command Name="LINE" Weight="1540"/><Command Name="LINETYPE" Weight="1421"/><Command Name="LISPINIT" Weight="318"/><Command Name="LIST" Weight="1484"/><Command Name="LIVESECTION" Weight="1059"/><Command Name="LOAD" Weight="951"/><Command Name="LOCALE" Weight="272"/><Command Name="LOCALROOTPREFIX" Weight="147"/><Command Name="LOFT" Weight="1348"/><Command Name="LOFTANG1" Weight="219"/><Command Name="LOFTANG2" Weight="46"/><Command Name="LOFTMAG1" Weight="72"/><Command Name="LOFTMAG2" Weight="54"/><Command Name="LOFTNORMALS" Weight="248"/><Command Name="LOFTPARAM" Weight="170"/><Command Name="LOGFILEMODE" Weight="713"/><Command Name="LOGFILENAME" Weight="152"/><Command Name="LOGFILEOFF" Weight="728"/><Command Name="LOGFILEON" Weight="707"/><Command Name="LOGFILEPATH" Weight="457"/><Command Name="LOGINNAME" Weight="282"/><Command Name="LONGITUDE" Weight="556"/><Command Name="LTSCALE" Weight="1410"/><Command Name="LUNITS" Weight="881"/><Command Name="LUPREC" Weight="1035"/><Command Name="LWDEFAULT" Weight="754"/><Command Name="LWDISPLAY" Weight="1073"/><Command Name="LWEIGHT" Weight="1223"/><Command Name="LWUNITS" Weight="770"/><Command Name="MARKUP" Weight="902"/><Command Name="MARKUPCLOSE" Weight="514"/><Command Name="MASSPROP" Weight="1286"/><Command Name="MATBROWSERCLOSE" Weight="885"/><Command Name="MATBROWSEROPEN" Weight="1296"/><Command Name="MATBROWSERSTATE" Weight="10"/><Command Name="MATCHCELL" Weight="982"/><Command Name="MATCHPROP" Weight="1531"/><Command Name="MATEDITORCLOSE" Weight="694"/><Command Name="MATEDITOROPEN" Weight="1107"/><Command Name="MATEDITORSTATE" Weight="35"/><Command Name="MATERIALASSIGN" Weight="1353"/><Command Name="MATERIALATTACH" Weight="1079"/><Command Name="MATERIALMAP" Weight="1207"/><Command Name="MATERIALS" Weight="1004"/><Command Name="MATERIALSCLOSE" Weight="179"/><Command Name="MAXACTVP" Weight="683"/><Command Name="MAXSORT" Weight="910"/><Command Name="MAXTOUCHES" Weight="106"/><Command Name="MBUTTONPAN" Weight="978" UseCount="5"/><Command Name="MEASURE" Weight="1297"/><Command Name="MEASUREGEOM" Weight="1508"/><Command Name="MEASUREINIT" Weight="667"/><Command Name="MEASUREMENT" Weight="973"/><Command Name="MENU" Weight="1091"/><Command Name="MENUBAR" Weight="1094"/><Command Name="MENUCTL" Weight="723"/><Command Name="MENUECHO" Weight="677"/><Command Name="MENUNAME" Weight="274"/><Command Name="MESH" Weight="1222"/><Command Name="MESHCAP" Weight="654"/><Command Name="MESHCOLLAPSE" Weight="568"/><Command Name="MESHCREASE" Weight="1003"/><Command Name="MESHEXTRUDE" Weight="974"/><Command Name="MESHMERGE" Weight="798"/><Command Name="MESHOPTIONS" Weight="1043"/><Command Name="MESHPRIMITIVEOPTIONS" Weight="842"/><Command Name="MESHREFINE" Weight="991"/><Command Name="MESHSMOOTH" Weight="1206"/><Command Name="MESHSMOOTHLESS" Weight="1002"/><Command Name="MESHSMOOTHMORE" Weight="1230"/><Command Name="MESHSPIN" Weight="460"/><Command Name="MESHSPLIT" Weight="800"/><Command Name="MESHTYPE" Weight="341"/><Command Name="MESHUNCREASE" Weight="1048"/><Command Name="MIGRATEMATERIALS" Weight="488"/><Command Name="MINSERT" Weight="975"/><Command Name="MIRRHATCH" Weight="610"/><Command Name="MIRROR" Weight="1518"/><Command Name="MIRROR3D" Weight="1204"/><Command Name="MIRRTEXT" Weight="1210"/><Command Name="MLEADER" Weight="1453"/><Command Name="MLEADERALIGN" Weight="1137"/><Command Name="MLEADERCOLLECT" Weight="892"/><Command Name="MLEADEREDIT" Weight="1114"/><Command Name="MLEADERSCALE" Weight="872"/><Command Name="MLEADERSTYLE" Weight="1320"/><Command Name="MLEDIT" Weight="1219"/><Command Name="MLINE" Weight="1397"/><Command Name="MLSTYLE" Weight="1177"/><Command Name="MODEL" Weight="1197"/><Command Name="MODEMACRO" Weight="1323"/><Command Name="MOVE" Weight="1541"/><Command Name="MREDO" Weight="1455"/><Command Name="MSLIDE" Weight="1052"/><Command Name="MSLTSCALE" Weight="1135"/><Command Name="MSOLESCALE" Weight="163"/><Command Name="MSPACE" Weight="1510"/><Command Name="MTEDIT" Weight="1526"/><Command Name="MTEXT" Weight="1476"/><Command Name="MTEXTCOLUMN" Weight="583"/><Command Name="MTEXTED" Weight="533"/><Command Name="MTEXTFIXED" Weight="392"/><Command Name="MTEXTTOOLBAR" Weight="632"/><Command Name="MTPROP" Weight="551"/><Command Name="MULTIPLE" Weight="1224"/><Command Name="MVIEW" Weight="1367"/><Command Name="MYDOCUMENTSPREFIX" Weight="515"/><Command Name="NAVBAR" Weight="997"/><Command Name="NAVBARDISPLAY" Weight="1276"/><Command Name="NAVSMOTION" Weight="1268"/><Command Name="NAVSMOTIONCLOSE" Weight="652"/><Command Name="NAVSWHEEL" Weight="1340"/><Command Name="NAVSWHEELMODE" Weight="1311"/><Command Name="NAVSWHEELOPACITYBIG" Weight="36"/><Command Name="NAVSWHEELOPACITYMINI" Weight="11"/><Command Name="NAVSWHEELSIZEMINI" Weight="12"/><Command Name="NAVVCUBE" Weight="1187"/><Command Name="NAVVCUBEDISPLAY" Weight="1144"/><Command Name="NAVVCUBELOCATION" Weight="123"/><Command Name="NAVVCUBEOPACITY" Weight="171"/><Command Name="NAVVCUBEORIENT" Weight="164"/><Command Name="NAVVCUBESIZE" Weight="220"/><Command Name="NCOPY" Weight="1089"/><Command Name="NETLOAD" Weight="1432"/><Command Name="NEW" Weight="1408"/><Command Name="NEWSHEETSET" Weight="1236"/><Command Name="NEWSHOT" Weight="692"/><Command Name="NEWVIEW" Weight="483"/><Command Name="NOMUTT" Weight="755"/><Command Name="NORTHDIRECTION" Weight="167"/><Command Name="OBJECTISOLATIONMODE" Weight="663"/><Command Name="OBJECTSCALE" Weight="1108"/><Command Name="OBSCUREDCOLOR" Weight="256"/><Command Name="OBSCUREDLTYPE" Weight="342"/><Command Name="OFFSET" Weight="1532" UseCount="11"/><Command Name="OFFSETDIST" Weight="824"/><Command Name="OFFSETEDGE" Weight="779"/><Command Name="OFFSETGAPTYPE" Weight="557"/><Command Name="OLEFRAME" Weight="573"/><Command Name="OLEHIDE" Weight="390"/><Command Name="OLELINKS" Weight="630"/><Command Name="OLEQUALITY" Weight="322"/><Command Name="OLESCALE" Weight="563"/><Command Name="OLESTARTUP" Weight="180"/><Command Name="ONLINEOPTIONS" Weight="112"/><Command Name="ONLINESYNC" Weight="113"/><Command Name="ONLINESYNCSETTINGS" Weight="107"/><Command Name="OOPS" Weight="1284"/><Command Name="OPEN" Weight="1527"/><Command Name="OPENDWFMARKUP" Weight="682"/><Command Name="OPENSHEETSET" Weight="1088"/><Command Name="OPMSTATE" Weight="63"/><Command Name="OPTCHPROP" Weight="1422"/><Command Name="OPTIONS" Weight="1443"/><Command Name="ORTHO" Weight="1357"/><Command Name="ORTHOMODE" Weight="1482"/><Command Name="OSMODE" Weight="1384"/><Command Name="OSNAP" Weight="1414"/><Command Name="OSNAPCOORD" Weight="882"/><Command Name="OSNAPHATCH" Weight="470"/><Command Name="OSNAPNODELEGACY" Weight="148"/><Command Name="OSNAPOVERRIDE" Weight="1199"/><Command Name="OSNAPZ" Weight="828"/><Command Name="OSOPTIONS" Weight="435"/><Command Name="OVERKILL" Weight="1270"/><Command Name="PAGESETUP" Weight="1433"/><Command Name="PALETTEOPAQUE" Weight="464"/><Command Name="PAN" Weight="1514"/><Command Name="PAPERUPDATE" Weight="476"/><Command Name="PARAMETERCOPYMODE" Weight="194"/><Command Name="PARAMETERS" Weight="1121"/><Command Name="PARAMETERSCLOSE" Weight="737"/><Command Name="PARTIALOAD" Weight="522"/><Command Name="PASTEASHYPERLINK" Weight="659"/><Command Name="PASTEBLOCK" Weight="1450"/><Command Name="PASTECLIP" Weight="1517"/><Command Name="PASTEORIG" Weight="1375"/><Command Name="PASTESPEC" Weight="1233"/><Command Name="PCINWIZARD" Weight="438"/><Command Name="PDFADJUST" Weight="500"/><Command Name="PDFATTACH" Weight="1250"/><Command Name="PDFCLIP" Weight="966"/><Command Name="PDFFRAME" Weight="921"/><Command Name="PDFLAYERS" Weight="503"/><Command Name="PDFOSNAP" Weight="765"/><Command Name="PDMODE" Weight="1166"/><Command Name="PDSIZE" Weight="971"/><Command Name="PEDIT" Weight="1486"/><Command Name="PEDITACCEPT" Weight="1023"/><Command Name="PELLIPSE" Weight="791"/><Command Name="PERIMETER" Weight="614"/><Command Name="PERSPECTIVE" Weight="1157"/><Command Name="PERSPECTIVECLIP" Weight="268"/><Command Name="PFACE" Weight="816"/><Command Name="PFACEVMAX" Weight="469"/><Command Name="PICKADD" Weight="727"/><Command Name="PICKAUTO" Weight="545"/><Command Name="PICKBOX" Weight="1082"/><Command Name="PICKDRAG" Weight="455"/><Command Name="PICKFIRST" Weight="843"/><Command Name="PICKSTYLE" Weight="829"/><Command Name="PLAN" Weight="1402"/><Command Name="PLANESURF" Weight="1238"/><Command Name="PLATFORM" Weight="327"/><Command Name="PLINE" Weight="1524"/><Command Name="PLINECONVERTMODE" Weight="521"/><Command Name="PLINEGEN" Weight="860"/><Command Name="PLINETYPE" Weight="832"/><Command Name="PLINEWID" Weight="1022"/><Command Name="PLOT" Weight="1519"/><Command Name="PLOTOFFSET" Weight="376"/><Command Name="PLOTROTMODE" Weight="413"/><Command Name="PLOTSTAMP" Weight="846"/><Command Name="PLOTSTYLE" Weight="717"/><Command Name="PLOTTERMANAGER" Weight="1130"/><Command Name="PLOTTRANSPARENCYOVERRIDE" Weight="608"/><Command Name="PLQUIET" Weight="693"/><Command Name="PNGOUT" Weight="528"/><Command Name="POINT" Weight="1462"/><Command Name="POINTCLOUDATTACH" Weight="1000"/><Command Name="POINTCLOUDAUTOUPDATE" Weight="411"/><Command Name="POINTCLOUDDENSITY" Weight="594"/><Command Name="POINTCLOUDLOCK" Weight="153"/><Command Name="POINTCLOUDRTDENSITY" Weight="185"/><Command Name="POINTLIGHT" Weight="1140"/><Command Name="POLARADDANG" Weight="586"/><Command Name="POLARANG" Weight="908"/><Command Name="POLARDIST" Weight="208"/><Command Name="POLARMODE" Weight="576"/><Command Name="POLYGON" Weight="1399"/><Command Name="POLYSIDES" Weight="406"/><Command Name="POLYSOLID" Weight="1319"/><Command Name="POPUPS" Weight="374"/><Command Name="PREFERENCES" Weight="671"/><Command Name="PRESSPULL" Weight="1431" UseCount="5"/><Command Name="PREVIEW" Weight="1393"/><Command Name="PREVIEWCREATIONTRANSPARENCY" Weight="124"/><Command Name="PREVIEWFILTER" Weight="198"/><Command Name="PREVIEWTYPE" Weight="37"/><Command Name="PRODUCT" Weight="73"/><Command Name="PROGRAM" Weight="209"/><Command Name="PROJECTGEOMETRY" Weight="858"/><Command Name="PROJECTNAME" Weight="664"/><Command Name="PROJMODE" Weight="290"/><Command Name="PROPERTIES" Weight="1492"/><Command Name="PROPERTIESCLOSE" Weight="1341"/><Command Name="PROPOBJLIMIT" Weight="215"/><Command Name="PROXYGRAPHICS" Weight="732"/><Command Name="PROXYNOTICE" Weight="875"/><Command Name="PROXYSHOW" Weight="926"/><Command Name="PSETUPIN" Weight="1245"/><Command Name="PSFILL" Weight="249"/><Command Name="PSLTSCALE" Weight="1269"/><Command Name="PSOLHEIGHT" Weight="298"/><Command Name="PSOLWIDTH" Weight="276"/><Command Name="PSOUT" Weight="442"/><Command Name="PSPACE" Weight="1507"/><Command Name="PSQUALITY" Weight="27"/><Command Name="PSTYLEMODE" Weight="458"/><Command Name="PSTYLEPOLICY" Weight="362"/><Command Name="PSVPSCALE" Weight="905"/><Command Name="PUBLISH" Weight="1335"/><Command Name="PUBLISHALLSHEETS" Weight="716"/><Command Name="PUBLISHCOLLATE" Weight="1264"/><Command Name="PUBLISHHATCH" Weight="1254"/><Command Name="PUCSBASE" Weight="165"/><Command Name="PURGE" Weight="1485"/><Command Name="PYRAMID" Weight="1106"/><Command Name="QAFLAGS" Weight="490"/><Command Name="QCCLOSE" Weight="819"/><Command Name="QDIM" Weight="1363"/><Command Name="QLEADER" Weight="1459"/><Command Name="QNEW" Weight="1419"/><Command Name="QPLOCATION" Weight="203"/><Command Name="QPMODE" Weight="901"/><Command Name="QSAVE" Weight="1534"/><Command Name="QSELECT" Weight="1416"/><Command Name="QTEXT" Weight="952"/><Command Name="QTEXTMODE" Weight="489"/><Command Name="QUICKCALC" Weight="1332"/><Command Name="QUICKCUI" Weight="1287"/><Command Name="QUICKPROPERTIES" Weight="1487" UseCount="1"/><Command Name="QUIT" Weight="1516"/><Command Name="QVDRAWING" Weight="1415"/><Command Name="QVDRAWINGCLOSE" Weight="851"/><Command Name="QVDRAWINGPIN" Weight="83"/><Command Name="QVLAYOUT" Weight="1326"/><Command Name="QVLAYOUTCLOSE" Weight="889"/><Command Name="QVLAYOUTPIN" Weight="89"/><Command Name="R14PENWIZARD" Weight="525"/><Command Name="RASTERDPI" Weight="493"/><Command Name="RASTERPERCENT" Weight="269"/><Command Name="RASTERTHRESHOLD" Weight="216"/><Command Name="RAY" Weight="1413"/><Command Name="REBUILD2DCV" Weight="354"/><Command Name="REBUILD2DDEGREE" Weight="181"/><Command Name="REBUILD2DOPTION" Weight="108"/><Command Name="REBUILDDEGREEU" Weight="131"/><Command Name="REBUILDOPTIONS" Weight="28"/><Command Name="REBUILDU" Weight="38"/><Command Name="REBUILDV" Weight="55"/><Command Name="RECOVER" Weight="1149"/><Command Name="RECOVERALL" Weight="742"/><Command Name="RECOVERAUTO" Weight="369"/><Command Name="RECOVERYMODE" Weight="712"/><Command Name="RECTANG" Weight="1513"/><Command Name="RECTANGLE" Weight="1350"/><Command Name="REDEFINE" Weight="1380"/><Command Name="REDO" Weight="1211"/><Command Name="REDRAW" Weight="1473"/><Command Name="REDRAWALL" Weight="1192"/><Command Name="REFCLOSE" Weight="1446"/><Command Name="REFEDIT" Weight="1456"/><Command Name="REFEDITNAME" Weight="417"/><Command Name="REFSET" Weight="1324"/><Command Name="REGEN" Weight="1499"/><Command Name="REGENALL" Weight="1451"/><Command Name="REGENAUTO" Weight="1294"/><Command Name="REGENMODE" Weight="1012"/><Command Name="REGION" Weight="1401"/><Command Name="REINIT" Weight="794"/><Command Name="REMEMBERFOLDERS" Weight="516"/><Command Name="RENAME" Weight="1299"/><Command Name="RENDER" Weight="1389"/><Command Name="RENDERCROP" Weight="1240"/><Command Name="RENDERENVIRONMENT" Weight="932"/><Command Name="RENDEREXPOSURE" Weight="835"/><Command Name="RENDERPRESETS" Weight="1066"/><Command Name="RENDERUSERLIGHTS" Weight="234"/><Command Name="RENDERWIN" Weight="821"/><Command Name="RESUME" Weight="698"/><Command Name="RETURNLICENSE" Weight="253"/><Command Name="REVCLOUD" Weight="1448"/><Command Name="REVERSE" Weight="1006"/><Command Name="REVOLVE" Weight="1359"/><Command Name="REVSURF" Weight="1031"/><Command Name="RIBBON" Weight="1308"/><Command Name="RIBBONBGLOAD" Weight="540"/><Command Name="RIBBONCLOSE" Weight="1232"/><Command Name="RIBBONCONTEXTSELECT" Weight="323"/><Command Name="RIBBONCONTEXTSELLIM" Weight="128"/><Command Name="RIBBONDOCKEDHEIGHT" Weight="241"/><Command Name="RIBBONICONRESIZE" Weight="251"/><Command Name="RIBBONSELECTMODE" Weight="333"/><Command Name="RIBBONSTATE" Weight="404"/><Command Name="ROAMABLEROOTPREFIX" Weight="561"/><Command Name="ROLLOVEROPACITY" Weight="273"/><Command Name="ROLLOVERTIPS" Weight="607"/><Command Name="ROTATE" Weight="1520" UseCount="8"/><Command Name="ROTATE3D" Weight="1309"/><Command Name="RPREF" Weight="1134"/><Command Name="RPREFCLOSE" Weight="685"/><Command Name="RSCRIPT" Weight="749"/><Command Name="RTDISPLAY" Weight="631"/><Command Name="RTPAN" Weight="1040"/><Command Name="RTZOOM" Weight="969"/><Command Name="RULESURF" Weight="1158"/><Command Name="SAVE" Weight="1337"/><Command Name="SAVEAS" Weight="1495"/><Command Name="SAVEFIDELITY" Weight="705"/><Command Name="SAVEFILE" Weight="270"/><Command Name="SAVEFILEPATH" Weight="650"/><Command Name="SAVEIMG" Weight="801"/><Command Name="SAVENAME" Weight="235"/><Command Name="SAVETIME" Weight="1145"/><Command Name="SCALE" Weight="1511"/><Command Name="SCALELISTEDIT" Weight="1302"/><Command Name="SCALETEXT" Weight="1117"/><Command Name="SCREENBOXES" Weight="324"/><Command Name="SCREENMODE" Weight="357"/><Command Name="SCREENSIZE" Weight="232"/><Command Name="SCRIPT" Weight="1338"/><Command Name="SDI" Weight="931"/><Command Name="SECTION" Weight="1200"/><Command Name="SECTIONPLANE" Weight="1226"/><Command Name="SECTIONPLANEJOG" Weight="751"/><Command Name="SECTIONPLANESETTINGS" Weight="948"/><Command Name="SECTIONPLANETOBLOCK" Weight="1138"/><Command Name="SECURITYOPTIONS" Weight="283"/><Command Name="SEEK" Weight="403"/><Command Name="SELECT" Weight="1478"/><Command Name="SELECTIONANNODISPLAY" Weight="987"/><Command Name="SELECTIONCYCLING" Weight="473"/><Command Name="SELECTSIMILAR" Weight="1387"/><Command Name="SELECTSIMILARMODE" Weight="299"/><Command Name="SELECTURL" Weight="204"/><Command Name="SEQUENCEPLAY" Weight="585"/><Command Name="SETBYLAYER" Weight="1133"/><Command Name="SETBYLAYERMODE" Weight="463"/><Command Name="SETENV" Weight="1146"/><Command Name="SETIDROPHANDLER" Weight="96"/><Command Name="SETVAR" Weight="1405"/><Command Name="SHADE" Weight="1086"/><Command Name="SHADEDGE" Weight="393"/><Command Name="SHADEMODE" Weight="1307"/><Command Name="SHADOWPLANELOCATION" Weight="236"/><Command Name="SHAPE" Weight="806"/><Command Name="SHEETSET" Weight="1156"/><Command Name="SHEETSETHIDE" Weight="823"/><Command Name="SHELL" Weight="964"/><Command Name="SHORTCUTMENU" Weight="534"/><Command Name="SHORTCUTMENUDURATION" Weight="132"/><Command Name="SHOWHIST" Weight="429"/><Command Name="SHOWLAYERUSAGE" Weight="304"/><Command Name="SHOWMOTIONPIN" Weight="228"/><Command Name="SHOWPAGESETUPFORNEWLAYOUTS" Weight="74"/><Command Name="SHOWPALETTES" Weight="439"/><Command Name="SHPNAME" Weight="17"/><Command Name="SIGVALIDATE" Weight="542"/><Command Name="SIGWARN" Weight="325"/><Command Name="SKETCH" Weight="1159"/><Command Name="SKETCHINC" Weight="428"/><Command Name="SKPOLY" Weight="530"/><Command Name="SKTOLERANCE" Weight="144"/><Command Name="SKYSTATUS" Weight="1103"/><Command Name="SLICE" Weight="1442"/><Command Name="SMOOTHMESHCONVERT" Weight="759"/><Command Name="SMOOTHMESHGRID" Weight="133"/><Command Name="SMOOTHMESHMAXFACE" Weight="172"/><Command Name="SMOOTHMESHMAXLEV" Weight="109"/><Command Name="SMSTATE" Weight="134"/><Command Name="SNAP" Weight="1430"/><Command Name="SNAPANG" Weight="1263"/><Command Name="SNAPBASE" Weight="959"/><Command Name="SNAPGRIDLEGACY" Weight="471"/><Command Name="SNAPISOPAIR" Weight="252"/><Command Name="SNAPMODE" Weight="995"/><Command Name="SNAPSTYL" Weight="876"/><Command Name="SNAPTYPE" Weight="763"/><Command Name="SNAPUNIT" Weight="572"/><Command Name="SOLDRAW" Weight="965"/><Command Name="SOLID" Weight="1291"/><Command Name="SOLIDCHECK" Weight="359"/><Command Name="SOLIDEDIT" Weight="1429"/><Command Name="SOLIDHIST" Weight="941"/><Command Name="SOLPROF" Weight="1176"/><Command Name="SOLVIEW" Weight="1054"/><Command Name="SORTENTS" Weight="697"/><Command Name="SPACESWITCH" Weight="90"/><Command Name="SPACETRANS" Weight="642"/><Command Name="SPELL" Weight="1239"/><Command Name="SPHERE" Weight="1262"/><Command Name="SPLDEGREE" Weight="101"/><Command Name="SPLFRAME" Weight="547"/><Command Name="SPLINE" Weight="1465"/><Command Name="SPLINEDIT" Weight="1213"/><Command Name="SPLINESEGS" Weight="604"/><Command Name="SPLINETYPE" Weight="426"/><Command Name="SPLKNOTS" Weight="254"/><Command Name="SPLMETHOD" Weight="129"/><Command Name="SPLPERIODIC" Weight="75"/><Command Name="SPOTLIGHT" Weight="1020"/><Command Name="SSFOUND" Weight="519"/><Command Name="SSLOCATE" Weight="300"/><Command Name="SSMAUTOOPEN" Weight="418"/><Command Name="SSMPOLLTIME" Weight="118"/><Command Name="SSMSHEETSTATUS" Weight="182"/><Command Name="STANDARDS" Weight="1011"/><Command Name="STANDARDSVIOLATION" Weight="511"/><Command Name="STARTUP" Weight="938"/><Command Name="STATUS" Weight="836"/><Command Name="STATUSBAR" Weight="474"/><Command Name="STEPSIZE" Weight="229"/><Command Name="STEPSPERSEC" Weight="91"/><Command Name="STLOUT" Weight="544"/><Command Name="STRETCH" Weight="1529" UseCount="1"/><Command Name="STYLE" Weight="1438"/><Command Name="STYLESMANAGER" Weight="1151"/><Command Name="SUBOBJSELECTIONMODE" Weight="611"/><Command Name="SUBTRACT" Weight="1457"/><Command Name="SUNPROPERTIES" Weight="1141"/><Command Name="SUNPROPERTIESCLOSE" Weight="646"/><Command Name="SUNSTATUS" Weight="1216"/><Command Name="SURFACEASSOCIATIVITY" Weight="907"/><Command Name="SURFACEASSOCIATIVITYDRAG" Weight="154"/><Command Name="SURFACEAUTOTRIM" Weight="658"/><Command Name="SURFACEMODELINGMODE" Weight="906"/><Command Name="SURFBLEND" Weight="1087"/><Command Name="SURFEXTEND" Weight="900"/><Command Name="SURFEXTRACTCURVE" Weight="119"/><Command Name="SURFFILLET" Weight="1053"/><Command Name="SURFNETWORK" Weight="1098"/><Command Name="SURFOFFSET" Weight="972"/><Command Name="SURFOFFSETCONNECT" Weight="39"/><Command Name="SURFPATCH" Weight="1080"/><Command Name="SURFSCULPT" Weight="879"/><Command Name="SURFTAB1" Weight="886"/><Command Name="SURFTAB2" Weight="757"/><Command Name="SURFTRIM" Weight="1128"/><Command Name="SURFTRIMAUTOEXTEND" Weight="18"/><Command Name="SURFTYPE" Weight="388"/><Command Name="SURFU" Weight="275"/><Command Name="SURFUNTRIM" Weight="622"/><Command Name="SURFV" Weight="278"/><Command Name="SWEEP" Weight="1372"/><Command Name="SYSCODEPAGE" Weight="313"/><Command Name="SYSWINDOWS" Weight="1279"/><Command Name="TABLE" Weight="1281"/><Command Name="TABLEDIT" Weight="1483"/><Command Name="TABLEINDICATOR" Weight="562"/><Command Name="TABLESTYLE" Weight="1147"/><Command Name="TABLET" Weight="893"/><Command Name="TABLETOOLBAR" Weight="317"/><Command Name="TABMODE" Weight="189"/><Command Name="TABSURF" Weight="961"/><Command Name="TARGET" Weight="288"/><Command Name="TARGETPOINT" Weight="311"/><Command Name="TASKBAR" Weight="1065"/><Command Name="TBCUSTOMIZE" Weight="367"/><Command Name="TBSHOWSHORTCUTS" Weight="145"/><Command Name="TDCREATE" Weight="370"/><Command Name="TDINDWG" Weight="277"/><Command Name="TDUCREATE" Weight="19"/><Command Name="TDUPDATE" Weight="64"/><Command Name="TDUSRTIMER" Weight="20"/><Command Name="TDUUPDATE" Weight="56"/><Command Name="TEMPOVERRIDES" Weight="316"/><Command Name="TEMPPREFIX" Weight="155"/><Command Name="TEXT" Weight="1470"/><Command Name="TEXTEDIT" Weight="1472"/><Command Name="TEXTEVAL" Weight="935"/><Command Name="TEXTFILL" Weight="859"/><Command Name="TEXTOUTPUTFILEFORMAT" Weight="430"/><Command Name="TEXTQLTY" Weight="401"/><Command Name="TEXTSCR" Weight="924"/><Command Name="TEXTSIZE" Weight="1181"/><Command Name="TEXTSTYLE" Weight="1314"/><Command Name="TEXTTOFRONT" Weight="1033"/><Command Name="THICKEN" Weight="1100"/><Command Name="THICKNESS" Weight="1013"/><Command Name="THUMBSIZE" Weight="210"/><Command Name="TIFOUT" Weight="314"/><Command Name="TILEMODE" Weight="1390"/><Command Name="TIME" Weight="1109"/><Command Name="TIMELINE" Weight="675"/><Command Name="TIMEZONE" Weight="344"/><Command Name="TINSERT" Weight="292"/><Command Name="TOLERANCE" Weight="1056"/><Command Name="TOOLBAR" Weight="1349"/><Command Name="TOOLPALETTES" Weight="1315"/><Command Name="TOOLPALETTESCLOSE" Weight="1060"/><Command Name="TOOLTIPMERGE" Weight="258"/><Command Name="TOOLTIPS" Weight="484"/><Command Name="TOOLTIPSIZE" Weight="176"/><Command Name="TOOLTIPTRANSPARENCY" Weight="156"/><Command Name="TORUS" Weight="1076"/><Command Name="TPNAVIGATE" Weight="970"/><Command Name="TPSTATE" Weight="76"/><Command Name="TRACKPATH" Weight="691"/><Command Name="TRANSPARENCY" Weight="920"/><Command Name="TRANSPARENCYDISPLAY" Weight="517"/><Command Name="TRAYICONS" Weight="668"/><Command Name="TRAYNOTIFY" Weight="662"/><Command Name="TRAYSETTINGS" Weight="334"/><Command Name="TRAYTIMEOUT" Weight="653"/><Command Name="TREEDEPTH" Weight="578"/><Command Name="TREEMAX" Weight="332"/><Command Name="TREESTAT" Weight="149"/><Command Name="TRIM" Weight="1537" UseCount="17"/><Command Name="TRIMMODE" Weight="1027"/><Command Name="TSPACEFAC" Weight="701"/><Command Name="TSPACETYPE" Weight="696"/><Command Name="TSTACKALIGN" Weight="102"/><Command Name="TSTACKSIZE" Weight="226"/><Command Name="U" Weight="1538"/><Command Name="UCS" Weight="1509"/><Command Name="UCS2DDISPLAYSETTING" Weight="577"/><Command Name="UCS3DPARADISPLAYSETTING" Weight="373"/><Command Name="UCS3DPERPDISPLAYSETTING" Weight="217"/><Command Name="UCSAXISANG" Weight="486"/><Command Name="UCSBASE" Weight="496"/><Command Name="UCSDETECT" Weight="596"/><Command Name="UCSFOLLOW" Weight="1081"/><Command Name="UCSICON" Weight="1377"/><Command Name="UCSMAN" Weight="1097"/><Command Name="UCSNAME" Weight="349"/><Command Name="UCSORG" Weight="346"/><Command Name="UCSORTHO" Weight="452"/><Command Name="UCSSELECTMODE" Weight="407"/><Command Name="UCSVIEW" Weight="421"/><Command Name="UCSVP" Weight="609"/><Command Name="UCSXDIR" Weight="443"/><Command Name="UCSYDIR" Weight="279"/><Command Name="ULAYERS" Weight="874"/><Command Name="UNDEFINE" Weight="1466"/><Command Name="UNDO" Weight="1535"/><Command Name="UNDOCTL" Weight="523"/><Command Name="UNDOMARKS" Weight="224"/><Command Name="UNGROUP" Weight="1322"/><Command Name="UNION" Weight="1444"/><Command Name="UNISOLATEOBJECTS" Weight="1292"/><Command Name="UNITMODE" Weight="856"/><Command Name="UNITS" Weight="1407" UseCount="4"/><Command Name="UOSNAP" Weight="548"/><Command Name="UPDATEFIELD" Weight="1155"/><Command Name="UPDATETHUMBNAIL" Weight="355"/><Command Name="UPDATETHUMBSNOW" Weight="237"/><Command Name="USERI1" Weight="852"/><Command Name="USERI2" Weight="420"/><Command Name="USERI3" Weight="371"/><Command Name="USERI4" Weight="199"/><Command Name="USERI5" Weight="532"/><Command Name="USERR1" Weight="968"/><Command Name="USERR2" Weight="909"/><Command Name="USERR3" Weight="520"/><Command Name="USERR4" Weight="336"/><Command Name="USERR5" Weight="337"/><Command Name="USERS1" Weight="695"/><Command Name="USERS2" Weight="629"/><Command Name="USERS3" Weight="617"/><Command Name="USERS4" Weight="598"/><Command Name="USERS5" Weight="396"/><Command Name="VBAIDE" Weight="939"/><Command Name="VBALOAD" Weight="914"/><Command Name="VBAMAN" Weight="750"/><Command Name="VBANEW" Weight="186"/><Command Name="VBAPREF" Weight="138"/><Command Name="VBARUN" Weight="1203"/><Command Name="VBASTMT" Weight="1017"/><Command Name="VBAUNLOAD" Weight="993"/><Command Name="VIEW" Weight="1409"/><Command Name="VIEWBACK" Weight="1227"/><Command Name="VIEWBACKSTATUS" Weight="387"/><Command Name="VIEWBASE" Weight="1101"/><Command Name="VIEWCOMPONENT" Weight="21"/><Command Name="VIEWCREATION" Weight="350"/><Command Name="VIEWCTR" Weight="319"/><Command Name="VIEWDETAIL" Weight="191"/><Command Name="VIEWDETAILSTYLE" Weight="29"/><Command Name="VIEWDIR" Weight="320"/><Command Name="VIEWEDIT" Weight="1034"/><Command Name="VIEWEDITOR" Weight="205"/><Command Name="VIEWFORWARD" Weight="831"/><Command Name="VIEWGO" Weight="453"/><Command Name="VIEWMODE" Weight="321"/><Command Name="VIEWPLAY" Weight="718"/><Command Name="VIEWPLOTDETAILS" Weight="1288"/><Command Name="VIEWPORTS" Weight="1028"/><Command Name="VIEWPROJ" Weight="916"/><Command Name="VIEWRES" Weight="1334"/><Command Name="VIEWSECTION" Weight="305"/><Command Name="VIEWSECTIONSTYLE" Weight="177"/><Command Name="VIEWSETPROJ" Weight="233"/><Command Name="VIEWSIZE" Weight="295"/><Command Name="VIEWSKETCHCLOSE" Weight="22"/><Command Name="VIEWSTD" Weight="1096"/><Command Name="VIEWSYMBOLSKETCH" Weight="48"/><Command Name="VIEWTWIST" Weight="211"/><Command Name="VIEWUPDATE" Weight="919"/><Command Name="VIEWUPDATEAUTO" Weight="84"/><Command Name="VISRETAIN" Weight="1195"/><Command Name="VISUALSTYLES" Weight="1212"/><Command Name="VISUALSTYLESCLOSE" Weight="790"/><Command Name="VPCLIP" Weight="1090"/><Command Name="VPCONTROL" Weight="894"/><Command Name="VPLAYER" Weight="1468"/><Command Name="VPLAYEROVERRIDES" Weight="255"/><Command Name="VPLAYEROVERRIDESMODE" Weight="271"/><Command Name="VPMAX" Weight="1347"/><Command Name="VPMAXIMIZEDSTATE" Weight="114"/><Command Name="VPMIN" Weight="1273"/><Command Name="VPOINT" Weight="1321"/><Command Name="VPORTS" Weight="1237"/><Command Name="VPROTATEASSOC" Weight="566"/><Command Name="VSACURVATUREHIGH" Weight="195"/><Command Name="VSACURVATURELOW" Weight="30"/><Command Name="VSAZEBRACOLOR1" Weight="57"/><Command Name="VSBACKGROUNDS" Weight="408"/><Command Name="VSCURRENT" Weight="1491"/><Command Name="VSEDGECOLOR" Weight="383"/><Command Name="VSEDGEJITTER" Weight="405"/><Command Name="VSEDGELEX" Weight="65"/><Command Name="VSEDGEOVERHANG" Weight="328"/><Command Name="VSEDGES" Weight="1093"/><Command Name="VSEDGESMOOTH" Weight="284"/><Command Name="VSFACECOLORMODE" Weight="1067"/><Command Name="VSFACEHIGHLIGHT" Weight="454"/><Command Name="VSFACEOPACITY" Weight="983"/><Command Name="VSFACESTYLE" Weight="1154"/><Command Name="VSLIDE" Weight="1126"/><Command Name="VSLIGHTINGQUALITY" Weight="389"/><Command Name="VSMATERIALMODE" Weight="1185"/><Command Name="VSMAX" Weight="31"/><Command Name="VSMONOCOLOR" Weight="115"/><Command Name="VSOBSCUREDEDGES" Weight="384"/><Command Name="VSOBSCUREDLTYPE" Weight="92"/><Command Name="VSOCCLUDEDCOLOR" Weight="49"/><Command Name="VSOCCLUDEDLTYPE" Weight="77"/><Command Name="VSSAVE" Weight="487"/><Command Name="VSSHADOWS" Weight="1191"/><Command Name="VSSILHEDGES" Weight="536"/><Command Name="VSSILHWIDTH" Weight="308"/><Command Name="VTDURATION" Weight="602"/><Command Name="VTENABLE" Weight="589"/><Command Name="VTFPS" Weight="130"/><Command Name="VTOPTIONS" Weight="481"/><Command Name="WALKFLYSETTINGS" Weight="639"/><Command Name="WBLOCK" Weight="1404"/><Command Name="WEBLIGHT" Weight="726"/><Command Name="WEDGE" Weight="1235"/><Command Name="WHIPARC" Weight="446"/><Command Name="WHIPTHREAD" Weight="638"/><Command Name="WHOHAS" Weight="360"/><Command Name="WINDOWAREACOLOR" Weight="580"/><Command Name="WIPEOUT" Weight="1368"/><Command Name="WIPEOUTFRAME" Weight="50"/><Command Name="WMFBKGND" Weight="485"/><Command Name="WMFFOREGND" Weight="135"/><Command Name="WMFIN" Weight="994"/><Command Name="WMFOPTS" Weight="157"/><Command Name="WMFOUT" Weight="1062"/><Command Name="WORKSPACE" Weight="830"/><Command Name="WORKSPACELABEL" Weight="259"/><Command Name="WORLDUCS" Weight="437"/><Command Name="WORLDVIEW" Weight="348"/><Command Name="WRITESTAT" Weight="432"/><Command Name="WSAUTOSAVE" Weight="378"/><Command Name="WSCURRENT" Weight="1461"/><Command Name="WSSAVE" Weight="998"/><Command Name="WSSETTINGS" Weight="1221"/><Command Name="XATTACH" Weight="1418"/><Command Name="XBIND" Weight="657"/><Command Name="XCLIP" Weight="1339"/><Command Name="XCLIPFRAME" Weight="1075"/><Command Name="XDWGFADECTL" Weight="825"/><Command Name="XEDGES" Weight="1061"/><Command Name="XEDIT" Weight="628"/><Command Name="XFADECTL" Weight="494"/><Command Name="XLINE" Weight="1498"/><Command Name="XLOADCTL" Weight="979"/><Command Name="XLOADPATH" Weight="627"/><Command Name="XOPEN" Weight="1379"/><Command Name="XREF" Weight="1428"/><Command Name="XREFCTL" Weight="1047"/><Command Name="XREFNOTIFY" Weight="776"/><Command Name="XREFTYPE" Weight="613"/><Command Name="ZOOM" Weight="1536"/><Command Name="ZOOMFACTOR" Weight="888"/><Command Name="ZOOMWHEEL" Weight="621"/></CommandWeight></Configurations>
