﻿{"ClientId":"41d8769e-558d-47c1-9aed-5f35c75e063e","Blocks":{"4F.e56466f286":{"LastAccessTime":1756391084,"HostPath":"Local\\NULL\\eef19c54306daa69eda49c0272623bdb5e2b341f\\C:\\Users\\blaack\\Documents\\AutoCAD\\Lighting\\Mai-mahiu-changing-room.dwg","ModifiedTime":1756391122},"hh.a089cab11d":{"LastAccessTime":1756391009,"HostPath":"Local\\NULL\\eef19c54306daa69eda49c0272623bdb5e2b341f\\C:\\Users\\blaack\\Documents\\AutoCAD\\Lighting\\Mai-mahiu-changing-room.dwg","ModifiedTime":1756391048},".fcca2e06cd":{"LastAccessTime":1756290641,"HostPath":"Local\\NULL\\eef19c54306daa69eda49c0272623bdb5e2b341f\\C:\\Program Files\\Autodesk\\AutoCAD 2024\\Sample\\en-us\\DesignCenter\\Electrical Power.dwg","ModifiedTime":1756240779},"3door.901679e723":{"LastAccessTime":1756275222,"HostPath":"Local\\NULL\\eef19c54306daa69eda49c0272623bdb5e2b341f\\C:\\Users\\blaack\\Documents\\AutoCAD\\Drawing2.dwg","ModifiedTime":1756251417},"window3.253c925e2a":{"LastAccessTime":1756245456,"HostPath":"Local\\NULL\\eef19c54306daa69eda49c0272623bdb5e2b341f\\C:\\Users\\blaack\\Documents\\AutoCAD\\Drawing1.dwg","ModifiedTime":1756245829}}}